102 Beach 221st Street, Queens, New York, NY, USA	40.554174	-73.928946	success
113 Beach 215th Street, Queens, New York, NY, USA	40.555056	-73.92368	success
113 Beach 215th Street, Queens, New York, NY, USA	40.555056	-73.92368	success
51 Beach 217th Street, Queens, New York, NY, USA	40.556335	-73.925996	success
107 Beach 222nd Street, Queens, New York, NY, USA	40.55373	-73.929172	success
51 Beach 217th Street, Queens, New York, NY, USA	40.556335	-73.925996	success
107 Beach 222nd Street, Queens, New York, NY, USA	40.55373	-73.929172	success
12 Beach 220th Street, Queens, New York, NY, USA	40.556809	-73.929373	success
115 Beach 215th Street, Queens, New York, NY, USA	40.554963	-73.923604	success
108 Beach 214th Street, Queens, New York, NY, USA	40.555519	-73.923429	success
109 Beach 217th Street, Queens, New York, NY, USA	40.554733	-73.925544	success
109 Beach 217th Street, Queens, New York, NY, USA	40.554733	-73.925544	success
102 Beach 219th Street, Queens, New York, NY, USA	40.554688	-73.927223	success
111 Beach 216th Street, Queens, New York, NY, USA	40.554889	-73.924621	success
111 Beach 216th Street, Queens, New York, NY, USA	40.554889	-73.924621	success
111 Beach 216th Street, Queens, New York, NY, USA	40.554889	-73.924621	success
110 Beach 221st Street, Queens, New York, NY, USA	40.553738	-73.928758	success
110 Beach 221st Street, Queens, New York, NY, USA	40.553738	-73.928758	success
110 Beach 221st Street, Queens, New York, NY, USA	40.553738	-73.928758	success
110 Beach 221st Street, Queens, New York, NY, USA	40.553738	-73.928758	success
41 Beach 222nd Street, Queens, New York, NY, USA	40.554683	-73.929714	success
18 Beach 220th Street, Queens, New York, NY, USA	40.5565	-73.929209	success
44 Beach 219th Street, Queens, New York, NY, USA	40.55525	-73.927556	success
109 Beach 222nd Street, Queens, New York, NY, USA	40.553627	-73.929131	success
109 Beach 222nd Street, Queens, New York, NY, USA	40.553627	-73.929131	success
117 Beach 221st Street, Queens, New York, NY, USA	40.553475	-73.928053	success
Beach 217th Street, Queens, New York, NY, USA	40.555379	-73.926115	doubt
117 Beach 221st Street, Queens, New York, NY, USA	40.553475	-73.928053	success
9 Beach 222nd Street, Queens, New York, NY, USA	40.55653	-73.930657	success
4 Beach 220th Street, Queens, New York, NY, USA	40.557202	-73.929623	success
113 Beach 220th Street, Queens, New York, NY, USA	40.553945	-73.927289	success
113 Beach 220th Street, Queens, New York, NY, USA	40.553945	-73.927289	success
113 Beach 220th Street, Queens, New York, NY, USA	40.553945	-73.927289	success
20 Beach 219th Street, Queens, New York, NY, USA	40.556648	-73.928267	success
20 Beach 219th Street, Queens, New York, NY, USA	40.556648	-73.928267	success
109 Beach 219th Street, Queens, New York, NY, USA	40.554452	-73.926403	success
109 Beach 219th Street, Queens, New York, NY, USA	40.554452	-73.926403	success
103 Beach 215th Street, Queens, New York, NY, USA	40.555561	-73.923951	success
43 Beach 221st Street, Queens, New York, NY, USA	40.554863	-73.928802	success
81 Beach 216th Street, Queens, New York, NY, USA	40.555946	-73.925089	success
8 Beach 221st Street, Queens, New York, NY, USA	40.556738	-73.930348	success
109 Beach 216th Street, Queens, New York, NY, USA	40.555026	-73.924592	success
8 Beach 220th Street, Queens, New York, NY, USA	40.557002	-73.92953	success
8 Beach 220th Street, Queens, New York, NY, USA	40.557002	-73.92953	success
8 Beach 220th Street, Queens, New York, NY, USA	40.557002	-73.92953	success
42 Beach 219th Street, Queens, New York, NY, USA	40.555351	-73.927567	success
42 Beach 219th Street, Queens, New York, NY, USA	40.555351	-73.927567	success
76 Beach 216th Street, Queens, New York, NY, USA	40.556409	-73.925608	success
76 Beach 216th Street, Queens, New York, NY, USA	40.556409	-73.925608	success
109 Beach 221st Street, Queens, New York, NY, USA	40.553893	-73.928277	success
109 Beach 221st Street, Queens, New York, NY, USA	40.553893	-73.928277	success
Beach 217th Street, Queens, New York, NY, USA	40.555379	-73.926115	doubt
Beach 217th Street, Queens, New York, NY, USA	40.555379	-73.926115	doubt
Beach 217th Street, Queens, New York, NY, USA	40.555379	-73.926115	doubt
80 Beach 216th Street, Queens, New York, NY, USA	40.556195	-73.925586	success
80 Beach 216th Street, Queens, New York, NY, USA	40.556195	-73.925586	success
19 Beach 219th Street, Queens, New York, NY, USA	40.556734	-73.927605	success
103 Beach 215th Street, Queens, New York, NY, USA	40.555561	-73.923951	success
14 Beach 219th Street, Queens, New York, NY, USA	40.556991	-73.928421	success
16 Beach 219th Street, Queens, New York, NY, USA	40.556866	-73.928427	success
14 Beach 219th Street, Queens, New York, NY, USA	40.556991	-73.928421	success
14 Beach 219th Street, Queens, New York, NY, USA	40.556991	-73.928421	success
19 Beach 222nd Street, Queens, New York, NY, USA	40.555997	-73.930395	success
108 Beach 220th Street, Queens, New York, NY, USA	40.554099	-73.927934	success
108 Beach 220th Street, Queens, New York, NY, USA	40.554099	-73.927934	success
29 Beach 222nd Street, Queens, New York, NY, USA	40.555333	-73.929997	success
29 Beach 222nd Street, Queens, New York, NY, USA	40.555333	-73.929997	success
22 Beach 220th Street, Queens, New York, NY, USA	40.556282	-73.929099	success
22 Beach 220th Street, Queens, New York, NY, USA	40.556282	-73.929099	success
106 Beach 221st Street, Queens, New York, NY, USA	40.553963	-73.928867	success
116 Beach 216th Street, Queens, New York, NY, USA	40.554533	-73.924993	success
38 Beach 219th Street, Queens, New York, NY, USA	40.555548	-73.92771	success
38 Beach 219th Street, Queens, New York, NY, USA	40.555548	-73.92771	success
38 Beach 219th Street, Queens, New York, NY, USA	40.555548	-73.92771	success
38 Beach 219th Street, Queens, New York, NY, USA	40.555548	-73.92771	success
85 Beach 216th Street, Queens, New York, NY, USA	40.555726	-73.925006	success
85 Beach 216th Street, Queens, New York, NY, USA	40.555726	-73.925006	success
85 Beach 216th Street, Queens, New York, NY, USA	40.555726	-73.925006	success
116 Beach 221st Street, Queens, New York, NY, USA	40.553432	-73.928626	success
118 Beach 216th Street, Queens, New York, NY, USA	40.554449	-73.924934	success
28 Beach 219th Street, Queens, New York, NY, USA	40.556055	-73.92797	success
17 Beach 220th Street, Queens, New York, NY, USA	40.55667	-73.928675	success
17 Beach 220th Street, Queens, New York, NY, USA	40.55667	-73.928675	success
17 Beach 220th Street, Queens, New York, NY, USA	40.55667	-73.928675	success
23 Beach 220th Street, Queens, New York, NY, USA	40.556369	-73.928495	success
21 Beach 221st Street, Queens, New York, NY, USA	40.556192	-73.929488	success
23 Beach 220th Street, Queens, New York, NY, USA	40.556369	-73.928495	success
23 Beach 220th Street, Queens, New York, NY, USA	40.556369	-73.928495	success
21 Beach 221st Street, Queens, New York, NY, USA	40.556192	-73.929488	success
15 Beach 220th Street, Queens, New York, NY, USA	40.556737	-73.928817	success
15 Beach 220th Street, Queens, New York, NY, USA	40.556737	-73.928817	success
40 Beach 219th Street, Queens, New York, NY, USA	40.55546	-73.927635	success
40 Beach 219th Street, Queens, New York, NY, USA	40.55546	-73.927635	success
40 Beach 219th Street, Queens, New York, NY, USA	40.55546	-73.927635	success
52 Beach 217th Street, Queens, New York, NY, USA	40.556282	-73.926531	success
13 Beach 219th Street, Queens, New York, NY, USA	40.557053	-73.927727	success
13 Beach 219th Street, Queens, New York, NY, USA	40.557053	-73.927727	success
42 Beach 220th Street, Queens, New York, NY, USA	40.555085	-73.928476	success
102 Beach 214th Street, Queens, New York, NY, USA	40.555787	-73.923625	success
42 Beach 220th Street, Queens, New York, NY, USA	40.555085	-73.928476	success
33 Beach 219th Street, Queens, New York, NY, USA	40.555946	-73.927177	success
33 Beach 219th Street, Queens, New York, NY, USA	40.555946	-73.927177	success
15 Beach 219th Street, Queens, New York, NY, USA	40.556938	-73.927715	success
113 Beach 214th Street, Queens, New York, NY, USA	40.555325	-73.922808	success
27 Beach 219th Street, Queens, New York, NY, USA	40.556246	-73.927353	success
11 Roosevelt Walk, Queens, New York, NY, USA	40.558259	-73.923409	success
111 Beach 217th Street, Queens, New York, NY, USA	40.554624	-73.925475	success
84 Beach 216th Street, Queens, New York, NY, USA	40.555975	-73.92559	success
108 Beach 217th Street, Queens, New York, NY, USA	40.554681	-73.926042	success
47 Beach 215th Street, Queens, New York, NY, USA	40.556292	-73.924125	success
108 Beach 219th Street, Queens, New York, NY, USA	40.55436	-73.927107	success
28 Beach 220th Street, Queens, New York, NY, USA	40.555792	-73.928823	success
28 Beach 220th Street, Queens, New York, NY, USA	40.555792	-73.928823	success
28 Beach 220th Street, Queens, New York, NY, USA	40.555792	-73.928823	success
116 Beach 217th Street, Queens, New York, NY, USA	40.554295	-73.925807	success
21 Beach 219th Street, Queens, New York, NY, USA	40.55663	-73.927552	success
113 Beach 221st Street, Queens, New York, NY, USA	40.553685	-73.928178	success
106 Beach 219th Street, Queens, New York, NY, USA	40.554492	-73.927105	success
104 Beach 216th Street, Queens, New York, NY, USA	40.555155	-73.925272	success
41 Beach 221st Street, Queens, New York, NY, USA	40.554945	-73.928885	success
21 Beach 222nd Street, Queens, New York, NY, USA	40.555904	-73.930373	success
21 Beach 222nd Street, Queens, New York, NY, USA	40.555904	-73.930373	success
115 Beach 221st Street, Queens, New York, NY, USA	40.553594	-73.928043	success
103 Beach 222nd Street, Queens, New York, NY, USA	40.553936	-73.92929	success
116 Beach 220th Street, Queens, New York, NY, USA	40.5537	-73.927779	success
116 Beach 220th Street, Queens, New York, NY, USA	40.5537	-73.927779	success
116 Beach 220th Street, Queens, New York, NY, USA	40.5537	-73.927779	success
5 Beach 220th Street, Queens, New York, NY, USA	40.557263	-73.929043	success
5 Beach 220th Street, Queens, New York, NY, USA	40.557263	-73.929043	success
107 Beach 215th Street, Queens, New York, NY, USA	40.555367	-73.923837	success
107 Beach 215th Street, Queens, New York, NY, USA	40.555367	-73.923837	success
7 Beach 221st Street, Queens, New York, NY, USA	40.556887	-73.929844	success
115 Beach 222nd Street, Queens, New York, NY, USA	40.55335	-73.928875	success
115 Beach 222nd Street, Queens, New York, NY, USA	40.55335	-73.928875	success
9 Beach 222nd Street, Queens, New York, NY, USA	40.55653	-73.930657	success
9 Beach 220th Street, Queens, New York, NY, USA	40.557077	-73.928884	success
104 Beach 221st Street, Queens, New York, NY, USA	40.55404	-73.928945	success
104 Beach 221st Street, Queens, New York, NY, USA	40.55404	-73.928945	success
104 Beach 221st Street, Queens, New York, NY, USA	40.55404	-73.928945	success
10 Beach 219th Street, Queens, New York, NY, USA	40.557157	-73.928591	success
18 Beach 219th Street, Queens, New York, NY, USA	40.556773	-73.928354	success
10 Beach 219th Street, Queens, New York, NY, USA	40.557157	-73.928591	success
113 Beach 219th Street, Queens, New York, NY, USA	40.55426	-73.92631	success
113 Beach 219th Street, Queens, New York, NY, USA	40.55426	-73.92631	success
5 Beach 221st Street, Queens, New York, NY, USA	40.556995	-73.929872	success
5 Beach 221st Street, Queens, New York, NY, USA	40.556995	-73.929872	success
51 Beach 215th Street, Queens, New York, NY, USA	40.556148	-73.924189	success
103 Beach 221st Street, Queens, New York, NY, USA	40.55422	-73.928372	success
36 Beach 221st Street, Queens, New York, NY, USA	40.555132	-73.929434	success
36 Beach 221st Street, Queens, New York, NY, USA	40.555132	-73.929434	success
116 Beach 219th Street, Queens, New York, NY, USA	40.553967	-73.926833	success
116 Beach 219th Street, Queens, New York, NY, USA	40.553967	-73.926833	success
9 Beach 220th Street, Queens, New York, NY, USA	40.557077	-73.928884	success
9 Beach 220th Street, Queens, New York, NY, USA	40.557077	-73.928884	success
3 Beach 222nd Street, Queens, New York, NY, USA	40.556811	-73.930876	success
19 Beach 220th Street, Queens, New York, NY, USA	40.556534	-73.928664	success
32 Beach 219th Street, Queens, New York, NY, USA	40.555871	-73.927862	success
44 Beach 220th Street, Queens, New York, NY, USA	40.554982	-73.928393	success
44 Beach 220th Street, Queens, New York, NY, USA	40.554982	-73.928393	success
79 Beach 216th Street, Queens, New York, NY, USA	40.556071	-73.925133	success
79 Beach 216th Street, Queens, New York, NY, USA	40.556071	-73.925133	success
105 Beach 219th Street, Queens, New York, NY, USA	40.55467	-73.926546	success
105 Beach 219th Street, Queens, New York, NY, USA	40.55467	-73.926546	success
105 Beach 219th Street, Queens, New York, NY, USA	40.55467	-73.926546	success
82 Beach 216th Street, Queens, New York, NY, USA	40.556081	-73.92565	success
82 Beach 216th Street, Queens, New York, NY, USA	40.556081	-73.92565	success
44 Beach 219th Street, Queens, New York, NY, USA	40.55525	-73.927556	success
114 Beach 217th Street, Queens, New York, NY, USA	40.554373	-73.925921	success
Beach 216th Street, Queens, New York, NY, USA	40.560452	-73.924985	doubt
34 Beach 219th Street, Queens, New York, NY, USA	40.555743	-73.927802	success
3 Beach 219th Street, Queens, New York, NY, USA	40.557608	-73.928084	success
114 Beach 216th Street, Queens, New York, NY, USA	40.554644	-73.925033	success
114 Beach 216th Street, Queens, New York, NY, USA	40.554644	-73.925033	success
114 Beach 216th Street, Queens, New York, NY, USA	40.554644	-73.925033	success
44 Beach 221st Street, Queens, New York, NY, USA	40.554737	-73.929226	success
44 Beach 221st Street, Queens, New York, NY, USA	40.554737	-73.929226	success
44 Beach 221st Street, Queens, New York, NY, USA	40.554737	-73.929226	success
16 Beach 220th Street, Queens, New York, NY, USA	40.55659	-73.92927	success
111 Beach 217th Street, Queens, New York, NY, USA	40.554624	-73.925475	success
1 Beach 220th Street, Queens, New York, NY, USA	40.557466	-73.929119	success
18 Beach 219th Street, Queens, New York, NY, USA	40.556773	-73.928354	success
118 Beach 214th Street, Queens, New York, NY, USA	40.554979	-73.923152	success
118 Beach 214th Street, Queens, New York, NY, USA	40.554979	-73.923152	success
16 Beach 221st Street, Queens, New York, NY, USA	40.556336	-73.930136	success
109 Beach 220th Street, Queens, New York, NY, USA	40.554149	-73.927435	success
109 Beach 220th Street, Queens, New York, NY, USA	40.554149	-73.927435	success
109 Beach 220th Street, Queens, New York, NY, USA	40.554149	-73.927435	success
109 Beach 220th Street, Queens, New York, NY, USA	40.554149	-73.927435	success
115 Beach 214th Street, Queens, New York, NY, USA	40.555239	-73.922746	success
25 Beach 222nd Street, Queens, New York, NY, USA	40.555508	-73.930105	success
25 Beach 222nd Street, Queens, New York, NY, USA	40.555508	-73.930105	success
25 Beach 222nd Street, Queens, New York, NY, USA	40.555508	-73.930105	success
101 Beach 214th Street, Queens, New York, NY, USA	40.55595	-73.923107	success
115 Beach 214th Street, Queens, New York, NY, USA	40.555239	-73.922746	success
25 Beach 222nd Street, Queens, New York, NY, USA	40.555508	-73.930105	success
13 Beach 221st Street, Queens, New York, NY, USA	40.556582	-73.929706	success
Beach 217th Street, Queens, New York, NY, USA	40.555379	-73.926115	doubt
12 Beach 219th Street, Queens, New York, NY, USA	40.557097	-73.928502	success
110 Beach 215th Street, Queens, New York, NY, USA	40.555124	-73.924223	success
110 Beach 215th Street, Queens, New York, NY, USA	40.555124	-73.924223	success
110 Beach 215th Street, Queens, New York, NY, USA	40.555124	-73.924223	success
34 Beach 220th Street, Queens, New York, NY, USA	40.555473	-73.928664	success
34 Beach 220th Street, Queens, New York, NY, USA	40.555473	-73.928664	success
34 Beach 220th Street, Queens, New York, NY, USA	40.555473	-73.928664	success
34 Beach 220th Street, Queens, New York, NY, USA	40.555473	-73.928664	success
25 Beach 221st Street, Queens, New York, NY, USA	40.555783	-73.929241	success
36 Beach 219th Street, Queens, New York, NY, USA	40.555634	-73.927767	success
Beach 220th Street, Queens, New York, NY, USA	40.555526	-73.928405	doubt
Beach 220th Street, Queens, New York, NY, USA	40.555526	-73.928405	doubt
33 Beach 221st Street, Queens, New York, NY, USA	40.555348	-73.929102	success
Beach 220th Street, Queens, New York, NY, USA	40.555526	-73.928405	doubt
15 Beach 221st Street, Queens, New York, NY, USA	40.556498	-73.929606	success
15 Beach 221st Street, Queens, New York, NY, USA	40.556498	-73.929606	success
15 Beach 221st Street, Queens, New York, NY, USA	40.556498	-73.929606	success
105 Beach 222nd Street, Queens, New York, NY, USA	40.553851	-73.929188	success
102 Beach 216th Street, Queens, New York, NY, USA	40.555243	-73.925355	success
41 Beach 219th Street, Queens, New York, NY, USA	40.555551	-73.926931	success
41 Beach 219th Street, Queens, New York, NY, USA	40.555551	-73.926931	success
110 Beach 217th Street, Queens, New York, NY, USA	40.554584	-73.925971	success
33 Beach 221st Street, Queens, New York, NY, USA	40.555348	-73.929102	success
30 Beach 221st Street, Queens, New York, NY, USA	40.555434	-73.92962	success
27 Beach 222nd Street, Queens, New York, NY, USA	40.555403	-73.930098	success
27 Beach 222nd Street, Queens, New York, NY, USA	40.555403	-73.930098	success
27 Beach 222nd Street, Queens, New York, NY, USA	40.555403	-73.930098	success
109 Beach 214th Street, Queens, New York, NY, USA	40.555537	-73.922918	success
109 Beach 214th Street, Queens, New York, NY, USA	40.555537	-73.922918	success
109 Beach 214th Street, Queens, New York, NY, USA	40.555537	-73.922918	success
Beach 217th Street, Queens, New York, NY, USA	40.555379	-73.926115	doubt
103 Beach 219th Street, Queens, New York, NY, USA	40.554774	-73.926519	success
103 Beach 219th Street, Queens, New York, NY, USA	40.554774	-73.926519	success
7 Beach 221st Street, Queens, New York, NY, USA	40.556887	-73.929844	success
105 Beach 221st Street, Queens, New York, NY, USA	40.554103	-73.928382	success
115 Beach 220th Street, Queens, New York, NY, USA	40.553847	-73.92724	success
115 Beach 220th Street, Queens, New York, NY, USA	40.553847	-73.92724	success
105 Beach 221st Street, Queens, New York, NY, USA	40.554103	-73.928382	success
115 Beach 220th Street, Queens, New York, NY, USA	40.553847	-73.92724	success
56 Beach 215th Street, Queens, New York, NY, USA	40.555824	-73.92464	success
56 Beach 215th Street, Queens, New York, NY, USA	40.555824	-73.92464	success
56 Beach 215th Street, Queens, New York, NY, USA	40.555824	-73.92464	success
6 Beach 219th Street, Queens, New York, NY, USA	40.557368	-73.928694	success
6 Beach 219th Street, Queens, New York, NY, USA	40.557368	-73.928694	success
1 Beach 221st Street, Queens, New York, NY, USA	40.557216	-73.930005	success
22 Beach 221st Street, Queens, New York, NY, USA	40.556031	-73.929956	success
16 Beach 220th Street, Queens, New York, NY, USA	40.55659	-73.92927	success
83 Beach 216th Street, Queens, New York, NY, USA	40.555849	-73.925041	success
83 Beach 216th Street, Queens, New York, NY, USA	40.555849	-73.925041	success
83 Beach 216th Street, Queens, New York, NY, USA	40.555849	-73.925041	success
2 Beach 220th Street, Queens, New York, NY, USA	40.557323	-73.929659	success
2 Beach 220th Street, Queens, New York, NY, USA	40.557323	-73.929659	success
101 Beach 222nd Street, Queens, New York, NY, USA	40.554025	-73.929349	success
101 Beach 222nd Street, Queens, New York, NY, USA	40.554025	-73.929349	success
101 Beach 222nd Street, Queens, New York, NY, USA	40.554025	-73.929349	success
13 Beach 220th Street, Queens, New York, NY, USA	40.556842	-73.928817	success
13 Beach 220th Street, Queens, New York, NY, USA	40.556842	-73.928817	success
52 Beach 217th Street, Queens, New York, NY, USA	40.556282	-73.926531	success
52 Beach 217th Street, Queens, New York, NY, USA	40.556282	-73.926531	success
3 Beach 221st Street, Queens, New York, NY, USA	40.557106	-73.929936	success
50 Beach 217th Street, Queens, New York, NY, USA	40.556408	-73.926613	success
50 Beach 217th Street, Queens, New York, NY, USA	40.556408	-73.926613	success
117 Beach 222nd Street, Queens, New York, NY, USA	40.553205	-73.928891	success
50 Beach 217th Street, Queens, New York, NY, USA	40.556408	-73.926613	success
50 Beach 217th Street, Queens, New York, NY, USA	40.556408	-73.926613	success
117 Beach 222nd Street, Queens, New York, NY, USA	40.553205	-73.928891	success
117 Beach 222nd Street, Queens, New York, NY, USA	40.553205	-73.928891	success
108 Beach 217th Street, Queens, New York, NY, USA	40.554681	-73.926042	success
107 Beach 216th Street, Queens, New York, NY, USA	40.555082	-73.924739	success
107 Beach 216th Street, Queens, New York, NY, USA	40.555082	-73.924739	success
14 Olive Walk, Queens, New York, NY, USA	40.557204	-73.922321	success
2 Beach 219th Street, Queens, New York, NY, USA	40.557595	-73.928734	success
37 Beach 220th Street, Queens, New York, NY, USA	40.555418	-73.928077	success
37 Beach 220th Street, Queens, New York, NY, USA	40.555418	-73.928077	success
20 Beach 220th Street, Queens, New York, NY, USA	40.556407	-73.92914	success
35 Beach 219th Street, Queens, New York, NY, USA	40.555862	-73.927125	success
20 Beach 220th Street, Queens, New York, NY, USA	40.556407	-73.92914	success
20 Beach 220th Street, Queens, New York, NY, USA	40.556407	-73.92914	success
20 Beach 220th Street, Queens, New York, NY, USA	40.556407	-73.92914	success
113 Beach 222nd Street, Queens, New York, NY, USA	40.553454	-73.92895	success
113 Beach 222nd Street, Queens, New York, NY, USA	40.553454	-73.92895	success
106 Beach 220th Street, Queens, New York, NY, USA	40.554193	-73.928052	success
110 Beach 215th Street, Queens, New York, NY, USA	40.555124	-73.924223	success
27 Beach 221st Street, Queens, New York, NY, USA	40.555687	-73.9292	success
27 Beach 221st Street, Queens, New York, NY, USA	40.555687	-73.9292	success
115 Beach 219th Street, Queens, New York, NY, USA	40.554172	-73.926205	success
115 Beach 219th Street, Queens, New York, NY, USA	40.554172	-73.926205	success
38 Beach 221st Street, Queens, New York, NY, USA	40.555038	-73.929424	success
54 Beach 217th Street, Queens, New York, NY, USA	40.556143	-73.926632	success
33 Beach 222nd Street, Queens, New York, NY, USA	40.555101	-73.929921	success
33 Beach 222nd Street, Queens, New York, NY, USA	40.555101	-73.929921	success
33 Beach 222nd Street, Queens, New York, NY, USA	40.555101	-73.929921	success
33 Beach 222nd Street, Queens, New York, NY, USA	40.555101	-73.929921	success
6 Beach 221st Street, Queens, New York, NY, USA	40.556844	-73.93039	success
6 Beach 221st Street, Queens, New York, NY, USA	40.556844	-73.93039	success
48 Beach 214th Street, Queens, New York, NY, USA	40.556125	-73.92376	success
48 Beach 214th Street, Queens, New York, NY, USA	40.556125	-73.92376	success
4 Beach 221st Street, Queens, New York, NY, USA	40.556956	-73.930428	success
4 Beach 221st Street, Queens, New York, NY, USA	40.556956	-73.930428	success
1 Beach 219th Street, Queens, New York, NY, USA	40.557731	-73.928093	success
103 Beach 216th Street, Queens, New York, NY, USA	40.55531	-73.924825	success
103 Beach 216th Street, Queens, New York, NY, USA	40.55531	-73.924825	success
106 Beach 217th Street, Queens, New York, NY, USA	40.554806	-73.926076	success
106 Beach 217th Street, Queens, New York, NY, USA	40.554806	-73.926076	success
58 Beach 217th Street, Queens, New York, NY, USA	40.555933	-73.926557	success
104 Beach 219th Street, Queens, New York, NY, USA	40.554601	-73.927191	success
104 Beach 219th Street, Queens, New York, NY, USA	40.554601	-73.927191	success
104 Beach 219th Street, Queens, New York, NY, USA	40.554601	-73.927191	success
17 Beach 219th Street, Queens, New York, NY, USA	40.556834	-73.927629	success
17 Beach 219th Street, Queens, New York, NY, USA	40.556834	-73.927629	success
114 Beach 214th Street, Queens, New York, NY, USA	40.555202	-73.923262	success
114 Beach 214th Street, Queens, New York, NY, USA	40.555202	-73.923262	success
114 Beach 214th Street, Queens, New York, NY, USA	40.555202	-73.923262	success
102 Beach 219th Street, Queens, New York, NY, USA	40.554688	-73.927223	success
49 Beach 217th Street, Queens, New York, NY, USA	40.556451	-73.926028	success
10 Beach 221st Street, Queens, New York, NY, USA	40.556647	-73.930307	success
49 Beach 217th Street, Queens, New York, NY, USA	40.556451	-73.926028	success
114 Beach 221st Street, Queens, New York, NY, USA	40.553544	-73.928654	success
114 Beach 221st Street, Queens, New York, NY, USA	40.553544	-73.928654	success
Breezy Point, MN, USA	46.600886	-94.228583	doubt
104 Beach 214th Street, Queens, New York, NY, USA	40.555692	-73.923568	success
104 Beach 214th Street, Queens, New York, NY, USA	40.555692	-73.923568	success
104 Beach 214th Street, Queens, New York, NY, USA	40.555692	-73.923568	success
101 Beach 214th Street, Queens, New York, NY, USA	40.55595	-73.923107	success
19 Beach 220th Street, Queens, New York, NY, USA	40.556534	-73.928664	success
7 Beach 220th Street, Queens, New York, NY, USA	40.557165	-73.929018	success
7 Beach 220th Street, Queens, New York, NY, USA	40.557165	-73.929018	success
7 Beach 220th Street, Queens, New York, NY, USA	40.557165	-73.929018	success
7 Beach 220th Street, Queens, New York, NY, USA	40.557165	-73.929018	success
5 Beach 222nd Street, Queens, New York, NY, USA	40.556747	-73.93074	success
5 Beach 222nd Street, Queens, New York, NY, USA	40.556747	-73.93074	success
31 Beach 222nd Street, Queens, New York, NY, USA	40.555237	-73.929911	success
31 Beach 222nd Street, Queens, New York, NY, USA	40.555237	-73.929911	success
101 Beach 221st Street, Queens, New York, NY, USA	40.554286	-73.928497	success
30 Beach 221st Street, Queens, New York, NY, USA	40.555434	-73.92962	success
101 Beach 221st Street, Queens, New York, NY, USA	40.554286	-73.928497	success
11 Beach 222nd Street, Queens, New York, NY, USA	40.556404	-73.930681	success
32 Beach 221st Street, Queens, New York, NY, USA	40.555319	-73.929578	success
11 Beach 222nd Street, Queens, New York, NY, USA	40.556404	-73.930681	success
32 Beach 221st Street, Queens, New York, NY, USA	40.555319	-73.929578	success
104 Beach 220th Street, Queens, New York, NY, USA	40.554296	-73.92806	success
104 Beach 220th Street, Queens, New York, NY, USA	40.554296	-73.92806	success
101 Beach 217th Street, Queens, New York, NY, USA	40.555106	-73.925791	success
102 Beach 215th Street, Queens, New York, NY, USA	40.555523	-73.924488	success
102 Beach 215th Street, Queens, New York, NY, USA	40.555523	-73.924488	success
5 Beach 222nd Street, Queens, New York, NY, USA	40.556747	-73.93074	success
29 Beach 221st Street, Queens, New York, NY, USA	40.555557	-73.929216	success
17 Beach 222nd Street, Queens, New York, NY, USA	40.556128	-73.930465	success
29 Beach 219th Street, Queens, New York, NY, USA	40.556179	-73.927269	success
29 Beach 219th Street, Queens, New York, NY, USA	40.556179	-73.927269	success
23 Beach 221st Street, Queens, New York, NY, USA	40.556085	-73.92939	success
23 Beach 221st Street, Queens, New York, NY, USA	40.556085	-73.92939	success
217-07 Rockaway Point Blvd, Queens, New York, NY, USA	40.558225	-73.926647	success
112 Beach 216th Street, Queens, New York, NY, USA	40.554731	-73.925077	success
41 Beach 220th Street, Queens, New York, NY, USA	40.555219	-73.927996	success
117 Beach 214th Street, Queens, New York, NY, USA	40.555119	-73.922742	success
117 Beach 214th Street, Queens, New York, NY, USA	40.555119	-73.922742	success
41 Beach 220th Street, Queens, New York, NY, USA	40.555219	-73.927996	success
115 Beach 215th Street, Queens, New York, NY, USA	40.554963	-73.923604	success
64 Beach 217th Street, Queens, New York, NY, USA	40.555605	-73.926422	success
104 Beach 215th Street, Queens, New York, NY, USA	40.555418	-73.92443	success
104 Beach 215th Street, Queens, New York, NY, USA	40.555418	-73.92443	success
26 Beach 221st Street, Queens, New York, NY, USA	40.555637	-73.929744	success
112 Beach 214th Street, Queens, New York, NY, USA	40.555278	-73.923299	success
112 Beach 214th Street, Queens, New York, NY, USA	40.555278	-73.923299	success
112 Beach 214th Street, Queens, New York, NY, USA	40.555278	-73.923299	success
112 Beach 214th Street, Queens, New York, NY, USA	40.555278	-73.923299	success
112 Beach 214th Street, Queens, New York, NY, USA	40.555278	-73.923299	success
15 Beach 220th Street, Queens, New York, NY, USA	40.556737	-73.928817	success
17 Beach 222nd Street, Queens, New York, NY, USA	40.556128	-73.930465	success
17 Beach 222nd Street, Queens, New York, NY, USA	40.556128	-73.930465	success
114 Beach 219th Street, Queens, New York, NY, USA	40.554088	-73.926899	success
14 Beach 221st Street, Queens, New York, NY, USA	40.556435	-73.930191	success
114 Beach 219th Street, Queens, New York, NY, USA	40.554088	-73.926899	success
113 Beach 215th Street, Queens, New York, NY, USA	40.555056	-73.92368	success
Fleet Street, Baltimore, MD, USA	39.284703	-76.590095	doubt
5 Beach 219th Street, Queens, New York, NY, USA	40.557529	-73.927939	success
5 Beach 219th Street, Queens, New York, NY, USA	40.557529	-73.927939	success
5 Beach 219th Street, Queens, New York, NY, USA	40.557529	-73.927939	success
5 Beach 219th Street, Queens, New York, NY, USA	40.557529	-73.927939	success
36 Beach 220th Street, Queens, New York, NY, USA	40.555389	-73.928598	success
19 Beach 222nd Street, Queens, New York, NY, USA	40.555997	-73.930395	success
Beach 217th Street, Queens, New York, NY, USA	40.555379	-73.926115	doubt
51 Beach 215th Street, Queens, New York, NY, USA	40.556148	-73.924189	success
108 Beach 221st Street, Queens, New York, NY, USA	40.553848	-73.928818	success
53 Beach 217th Street, Queens, New York, NY, USA	40.556229	-73.926042	success
108 Beach 221st Street, Queens, New York, NY, USA	40.553848	-73.928818	success
53 Beach 217th Street, Queens, New York, NY, USA	40.556229	-73.926042	success
51 Beach 215th Street, Queens, New York, NY, USA	40.556148	-73.924189	success
101 Beach 219th Street, Queens, New York, NY, USA	40.554877	-73.926566	success
101 Beach 219th Street, Queens, New York, NY, USA	40.554877	-73.926566	success
Avenue N, Brooklyn, New York, NY, USA	40.617452	-73.942914	doubt
1912 Avenue N, Brooklyn, New York, NY, USA	40.615847	-73.955283	success
1912 Avenue N, Brooklyn, New York, NY, USA	40.615847	-73.955283	success
1912 Avenue N, Brooklyn, New York, NY, USA	40.615847	-73.955283	success
1912 Avenue N, Brooklyn, New York, NY, USA	40.615847	-73.955283	success
1914 Avenue N, Brooklyn, New York, NY, USA	40.615887	-73.95522	success
1918 Avenue N, Brooklyn, New York, NY, USA	40.615877	-73.955112	success
1918 Avenue N, Brooklyn, New York, NY, USA	40.615877	-73.955112	success
1918 Avenue N, Brooklyn, New York, NY, USA	40.615877	-73.955112	success
1918 Avenue N, Brooklyn, New York, NY, USA	40.615877	-73.955112	success
1918 Avenue N, Brooklyn, New York, NY, USA	40.615877	-73.955112	success
1922 Avenue N, Brooklyn, New York, NY, USA	40.615891	-73.95497	success
1922 Avenue N, Brooklyn, New York, NY, USA	40.615891	-73.95497	success
1922 Avenue N, Brooklyn, New York, NY, USA	40.615891	-73.95497	success
2016 Avenue N, Brooklyn, New York, NY, USA	40.615952	-73.95377	success
2016 Avenue N, Brooklyn, New York, NY, USA	40.615952	-73.95377	success
2016 Avenue N, Brooklyn, New York, NY, USA	40.615952	-73.95377	success
2016 Avenue N, Brooklyn, New York, NY, USA	40.615952	-73.95377	success
2016 Avenue N, Brooklyn, New York, NY, USA	40.615952	-73.95377	success
2016 Avenue N, Brooklyn, New York, NY, USA	40.615952	-73.95377	success
2016 Avenue N, Brooklyn, New York, NY, USA	40.615952	-73.95377	success
2016 Avenue N, Brooklyn, New York, NY, USA	40.615952	-73.95377	success
2016 Avenue N, Brooklyn, New York, NY, USA	40.615952	-73.95377	success
2016 Avenue N, Brooklyn, New York, NY, USA	40.615952	-73.95377	success
2016 Avenue N, Brooklyn, New York, NY, USA	40.615952	-73.95377	success
2016 Avenue N, Brooklyn, New York, NY, USA	40.615952	-73.95377	success
2016 Avenue N, Brooklyn, New York, NY, USA	40.615952	-73.95377	success
2016 Avenue N, Brooklyn, New York, NY, USA	40.615952	-73.95377	success
2016 Avenue N, Brooklyn, New York, NY, USA	40.615952	-73.95377	success
2016 Avenue N, Brooklyn, New York, NY, USA	40.615952	-73.95377	success
2016 Avenue N, Brooklyn, New York, NY, USA	40.615952	-73.95377	success
2016 Avenue N, Brooklyn, New York, NY, USA	40.615952	-73.95377	success
2016 Avenue N, Brooklyn, New York, NY, USA	40.615952	-73.95377	success
2016 Avenue N, Brooklyn, New York, NY, USA	40.615952	-73.95377	success
2016 Avenue N, Brooklyn, New York, NY, USA	40.615952	-73.95377	success
2016 Avenue N, Brooklyn, New York, NY, USA	40.615952	-73.95377	success
2016 Avenue N, Brooklyn, New York, NY, USA	40.615952	-73.95377	success
2016 Avenue N, Brooklyn, New York, NY, USA	40.615952	-73.95377	success
2016 Avenue N, Brooklyn, New York, NY, USA	40.615952	-73.95377	success
2016 Avenue N, Brooklyn, New York, NY, USA	40.615952	-73.95377	success
2016 Avenue N, Brooklyn, New York, NY, USA	40.615952	-73.95377	success
2016 Avenue N, Brooklyn, New York, NY, USA	40.615952	-73.95377	success
2016 Avenue N, Brooklyn, New York, NY, USA	40.615952	-73.95377	success
2016 Avenue N, Brooklyn, New York, NY, USA	40.615952	-73.95377	success
2016 Avenue N, Brooklyn, New York, NY, USA	40.615952	-73.95377	success
2016 Avenue N, Brooklyn, New York, NY, USA	40.615952	-73.95377	success
2016 Avenue N, Brooklyn, New York, NY, USA	40.615952	-73.95377	success
2016 Avenue N, Brooklyn, New York, NY, USA	40.615952	-73.95377	success
2016 Avenue N, Brooklyn, New York, NY, USA	40.615952	-73.95377	success
2016 Avenue N, Brooklyn, New York, NY, USA	40.615952	-73.95377	success
2016 Avenue N, Brooklyn, New York, NY, USA	40.615952	-73.95377	success
2016 Avenue N, Brooklyn, New York, NY, USA	40.615952	-73.95377	success
2016 Avenue N, Brooklyn, New York, NY, USA	40.615952	-73.95377	success
2016 Avenue N, Brooklyn, New York, NY, USA	40.615952	-73.95377	success
2102 Avenue N, Brooklyn, New York, NY, USA	40.616146	-73.953325	success
2102 Avenue N, Brooklyn, New York, NY, USA	40.616146	-73.953325	success
2102 Avenue N, Brooklyn, New York, NY, USA	40.616146	-73.953325	success
2102 Avenue N, Brooklyn, New York, NY, USA	40.616146	-73.953325	success
2102 Avenue N, Brooklyn, New York, NY, USA	40.616146	-73.953325	success
2102 Avenue N, Brooklyn, New York, NY, USA	40.616146	-73.953325	success
2110 Avenue N, Brooklyn, New York, NY, USA	40.616046	-73.953075	success
2110 Avenue N, Brooklyn, New York, NY, USA	40.616046	-73.953075	success
2110 Avenue N, Brooklyn, New York, NY, USA	40.616046	-73.953075	success
2110 Avenue N, Brooklyn, New York, NY, USA	40.616046	-73.953075	success
2114 Avenue N, Brooklyn, New York, NY, USA	40.616123	-73.952972	success
2114 Avenue N, Brooklyn, New York, NY, USA	40.616123	-73.952972	success
2114 Avenue N, Brooklyn, New York, NY, USA	40.616123	-73.952972	success
2122 Avenue N, Brooklyn, New York, NY, USA	40.616195	-73.952782	success
1901 Avenue O, Brooklyn, New York, NY, USA	40.613535	-73.955063	success
1901 Avenue O, Brooklyn, New York, NY, USA	40.613535	-73.955063	success
1915 Avenue O, Brooklyn, New York, NY, USA	40.613598	-73.954789	success
1917 Avenue O, Brooklyn, New York, NY, USA	40.613666	-73.954518	success
1917 Avenue O, Brooklyn, New York, NY, USA	40.613666	-73.954518	success
1917 Avenue O, Brooklyn, New York, NY, USA	40.613666	-73.954518	success
1917 Avenue O, Brooklyn, New York, NY, USA	40.613666	-73.954518	success
1917 Avenue O, Brooklyn, New York, NY, USA	40.613666	-73.954518	success
1917 Avenue O, Brooklyn, New York, NY, USA	40.613666	-73.954518	success
1917 Avenue O, Brooklyn, New York, NY, USA	40.613666	-73.954518	success
1917 Avenue O, Brooklyn, New York, NY, USA	40.613666	-73.954518	success
1917 Avenue O, Brooklyn, New York, NY, USA	40.613666	-73.954518	success
1917 Avenue O, Brooklyn, New York, NY, USA	40.613666	-73.954518	success
1917 Avenue O, Brooklyn, New York, NY, USA	40.613666	-73.954518	success
1917 Avenue O, Brooklyn, New York, NY, USA	40.613666	-73.954518	success
1917 Avenue O, Brooklyn, New York, NY, USA	40.613666	-73.954518	success
1917 Avenue O, Brooklyn, New York, NY, USA	40.613666	-73.954518	success
1917 Avenue O, Brooklyn, New York, NY, USA	40.613666	-73.954518	success
1917 Avenue O, Brooklyn, New York, NY, USA	40.613666	-73.954518	success
1917 Avenue O, Brooklyn, New York, NY, USA	40.613666	-73.954518	success
1917 Avenue O, Brooklyn, New York, NY, USA	40.613666	-73.954518	success
1917 Avenue O, Brooklyn, New York, NY, USA	40.613666	-73.954518	success
1917 Avenue O, Brooklyn, New York, NY, USA	40.613666	-73.954518	success
1917 Avenue O, Brooklyn, New York, NY, USA	40.613666	-73.954518	success
1917 Avenue O, Brooklyn, New York, NY, USA	40.613666	-73.954518	success
1917 Avenue O, Brooklyn, New York, NY, USA	40.613666	-73.954518	success
1917 Avenue O, Brooklyn, New York, NY, USA	40.613666	-73.954518	success
1917 Avenue O, Brooklyn, New York, NY, USA	40.613666	-73.954518	success
1917 Avenue O, Brooklyn, New York, NY, USA	40.613666	-73.954518	success
2015 Avenue O, Brooklyn, New York, NY, USA	40.613775	-73.953491	success
2019 Avenue O, Brooklyn, New York, NY, USA	40.61381	-73.953442	success
2019 Avenue O, Brooklyn, New York, NY, USA	40.61381	-73.953442	success
2021 Avenue O, Brooklyn, New York, NY, USA	40.613794	-73.953319	success
2021 Avenue O, Brooklyn, New York, NY, USA	40.613794	-73.953319	success
2021 Avenue O, Brooklyn, New York, NY, USA	40.613794	-73.953319	success
2021 Avenue O, Brooklyn, New York, NY, USA	40.613794	-73.953319	success
2021 Avenue O, Brooklyn, New York, NY, USA	40.613794	-73.953319	success
2025 Avenue O, Brooklyn, New York, NY, USA	40.613829	-73.953264	success
2025 Avenue O, Brooklyn, New York, NY, USA	40.613829	-73.953264	success
2025 Avenue O, Brooklyn, New York, NY, USA	40.613829	-73.953264	success
2025 Avenue O, Brooklyn, New York, NY, USA	40.613829	-73.953264	success
2025 Avenue O, Brooklyn, New York, NY, USA	40.613829	-73.953264	success
2025 Avenue O, Brooklyn, New York, NY, USA	40.613829	-73.953264	success
2101 Avenue O, Brooklyn, New York, NY, USA	40.613817	-73.952897	success
2101 Avenue O, Brooklyn, New York, NY, USA	40.613817	-73.952897	success
2101 Avenue O, Brooklyn, New York, NY, USA	40.613817	-73.952897	success
2101 Avenue O, Brooklyn, New York, NY, USA	40.613817	-73.952897	success
2107 Avenue O, Brooklyn, New York, NY, USA	40.613826	-73.952768	success
2109 Avenue O, Brooklyn, New York, NY, USA	40.613838	-73.952662	success
2109 Avenue O, Brooklyn, New York, NY, USA	40.613838	-73.952662	success
2115 Avenue O, Brooklyn, New York, NY, USA	40.613848	-73.952583	success
2115 Avenue O, Brooklyn, New York, NY, USA	40.613848	-73.952583	success
2115 Avenue O, Brooklyn, New York, NY, USA	40.613848	-73.952583	success
2117 Avenue O, Brooklyn, New York, NY, USA	40.613856	-73.95249	success
2117 Avenue O, Brooklyn, New York, NY, USA	40.613856	-73.95249	success
2121 Avenue O, Brooklyn, New York, NY, USA	40.613867	-73.952398	success
2121 Avenue O, Brooklyn, New York, NY, USA	40.613867	-73.952398	success
2123 Avenue O, Brooklyn, New York, NY, USA	40.613883	-73.952307	success
2123 Avenue O, Brooklyn, New York, NY, USA	40.613883	-73.952307	success
2123 Avenue O, Brooklyn, New York, NY, USA	40.613883	-73.952307	success
2123 Avenue O, Brooklyn, New York, NY, USA	40.613883	-73.952307	success
2123 Avenue O, Brooklyn, New York, NY, USA	40.613883	-73.952307	success
2123 Avenue O, Brooklyn, New York, NY, USA	40.613883	-73.952307	success
2123 Avenue O, Brooklyn, New York, NY, USA	40.613883	-73.952307	success
2103 Bay Ave, Brooklyn, New York, NY, USA	40.61589	-73.953263	success
2103 Bay Ave, Brooklyn, New York, NY, USA	40.61589	-73.953263	success
2103 Bay Ave, Brooklyn, New York, NY, USA	40.61589	-73.953263	success
2103 Bay Ave, Brooklyn, New York, NY, USA	40.61589	-73.953263	success
2103 Bay Ave, Brooklyn, New York, NY, USA	40.61589	-73.953263	success
2111 Bay Ave, Brooklyn, New York, NY, USA	40.615802	-73.953071	success
2111 Bay Ave, Brooklyn, New York, NY, USA	40.615802	-73.953071	success
2113 Bay Avenue, Brooklyn, New York, NY, USA	40.615774	-73.952992	success
2114 Bay Ave, Brooklyn, New York, NY, USA	40.6152	-73.952743	success
2115 Bay Ave, Brooklyn, New York, NY, USA	40.615729	-73.952972	success
2116 Bay Avenue, Brooklyn, New York, NY, USA	40.61515	-73.95273	success
2116 Bay Avenue, Brooklyn, New York, NY, USA	40.61515	-73.95273	success
2116 Bay Avenue, Brooklyn, New York, NY, USA	40.61515	-73.95273	success
2119 Bay Avenue, Brooklyn, New York, NY, USA	40.615699	-73.952889	success
2119 Bay Avenue, Brooklyn, New York, NY, USA	40.615699	-73.952889	success
2119 Bay Avenue, Brooklyn, New York, NY, USA	40.615699	-73.952889	success
2120 Bay Avenue, Brooklyn, New York, NY, USA	40.61506	-73.952652	success
2121 Bay Ave, Brooklyn, New York, NY, USA	40.615618	-73.95292	success
2121 Bay Ave, Brooklyn, New York, NY, USA	40.615618	-73.95292	success
1423 East 19th Street, Brooklyn, New York, NY, USA	40.615553	-73.955423	success
1423 East 19th Street, Brooklyn, New York, NY, USA	40.615553	-73.955423	success
1423 East 19th Street, Brooklyn, New York, NY, USA	40.615553	-73.955423	success
1423 East 19th Street, Brooklyn, New York, NY, USA	40.615553	-73.955423	success
1423 East 19th Street, Brooklyn, New York, NY, USA	40.615553	-73.955423	success
1423 East 19th Street, Brooklyn, New York, NY, USA	40.615553	-73.955423	success
1423 East 19th Street, Brooklyn, New York, NY, USA	40.615553	-73.955423	success
1423 East 19th Street, Brooklyn, New York, NY, USA	40.615553	-73.955423	success
1427 E 19 St, Brooklyn, New York, NY, USA	40.61545	-73.955494	success
1427 E 19 St, Brooklyn, New York, NY, USA	40.61545	-73.955494	success
1427 E 19 St, Brooklyn, New York, NY, USA	40.61545	-73.955494	success
1429 East 19th Street, Brooklyn, New York, NY, USA	40.615428	-73.955347	success
1429 East 19th Street, Brooklyn, New York, NY, USA	40.615428	-73.955347	success
1429 East 19th Street, Brooklyn, New York, NY, USA	40.615428	-73.955347	success
1429 East 19th Street, Brooklyn, New York, NY, USA	40.615428	-73.955347	success
1429 East 19th Street, Brooklyn, New York, NY, USA	40.615428	-73.955347	success
1433 East 19th Street, Brooklyn, New York, NY, USA	40.615316	-73.955378	success
1433 East 19th Street, Brooklyn, New York, NY, USA	40.615316	-73.955378	success
1433 East 19th Street, Brooklyn, New York, NY, USA	40.615316	-73.955378	success
1437 East 19th Street, Brooklyn, New York, NY, USA	40.615278	-73.955319	success
1437 East 19th Street, Brooklyn, New York, NY, USA	40.615278	-73.955319	success
1439 East 19th Street, Brooklyn, New York, NY, USA	40.615188	-73.955263	success
1439 East 19th Street, Brooklyn, New York, NY, USA	40.615188	-73.955263	success
1439 East 19th Street, Brooklyn, New York, NY, USA	40.615188	-73.955263	success
1439 East 19th Street, Brooklyn, New York, NY, USA	40.615188	-73.955263	success
1439 East 19th Street, Brooklyn, New York, NY, USA	40.615188	-73.955263	success
1445 East 19th Street, Brooklyn, New York, NY, USA	40.615085	-73.955339	success
1445 East 19th Street, Brooklyn, New York, NY, USA	40.615085	-73.955339	success
1445 East 19th Street, Brooklyn, New York, NY, USA	40.615085	-73.955339	success
1447 East 19th Street, Brooklyn, New York, NY, USA	40.615044	-73.955284	success
1447 East 19th Street, Brooklyn, New York, NY, USA	40.615044	-73.955284	success
1447 East 19th Street, Brooklyn, New York, NY, USA	40.615044	-73.955284	success
1449 E 19 St, Brooklyn, New York, NY, USA	40.614929	-73.955386	success
1449 E 19 St, Brooklyn, New York, NY, USA	40.614929	-73.955386	success
1451 E 19 St, Brooklyn, New York, NY, USA	40.614872	-73.955376	success
1451 E 19 St, Brooklyn, New York, NY, USA	40.614872	-73.955376	success
1451 E 19 St, Brooklyn, New York, NY, USA	40.614872	-73.955376	success
1455 East 19th Street, Brooklyn, New York, NY, USA	40.614779	-73.955282	success
1455 East 19th Street, Brooklyn, New York, NY, USA	40.614779	-73.955282	success
1457 East 19th Street, Brooklyn, New York, NY, USA	40.614739	-73.955227	success
1457 East 19th Street, Brooklyn, New York, NY, USA	40.614739	-73.955227	success
1461 East 19th Street, Brooklyn, New York, NY, USA	40.614625	-73.955254	success
1461 East 19th Street, Brooklyn, New York, NY, USA	40.614625	-73.955254	success
1461 East 19th Street, Brooklyn, New York, NY, USA	40.614625	-73.955254	success
1461 East 19th Street, Brooklyn, New York, NY, USA	40.614625	-73.955254	success
1461 East 19th Street, Brooklyn, New York, NY, USA	40.614625	-73.955254	success
1461 East 19th Street, Brooklyn, New York, NY, USA	40.614625	-73.955254	success
1461 East 19th Street, Brooklyn, New York, NY, USA	40.614625	-73.955254	success
1465 East 19th Street, Brooklyn, New York, NY, USA	40.61456	-73.955192	success
1465 East 19th Street, Brooklyn, New York, NY, USA	40.61456	-73.955192	success
1465 East 19th Street, Brooklyn, New York, NY, USA	40.61456	-73.955192	success
1469 East 19th Street, Brooklyn, New York, NY, USA	40.614466	-73.955193	success
1469 East 19th Street, Brooklyn, New York, NY, USA	40.614466	-73.955193	success
1469 East 19th Street, Brooklyn, New York, NY, USA	40.614466	-73.955193	success
1473 E 19 St, Brooklyn, New York, NY, USA	40.614355	-73.955285	success
1473 E 19 St, Brooklyn, New York, NY, USA	40.614355	-73.955285	success
1473 E 19 St, Brooklyn, New York, NY, USA	40.614355	-73.955285	success
1477 E 19 St, Brooklyn, New York, NY, USA	40.614259	-73.955263	success
1481 E 19 St, Brooklyn, New York, NY, USA	40.614187	-73.955213	success
1481 E 19 St, Brooklyn, New York, NY, USA	40.614187	-73.955213	success
1481 E 19 St, Brooklyn, New York, NY, USA	40.614187	-73.955213	success
1483 East 19th Street, Brooklyn, New York, NY, USA	40.614128	-73.955172	success
1483 East 19th Street, Brooklyn, New York, NY, USA	40.614128	-73.955172	success
1483 East 19th Street, Brooklyn, New York, NY, USA	40.614128	-73.955172	success
1483 East 19th Street, Brooklyn, New York, NY, USA	40.614128	-73.955172	success
1485 E 19 St, Brooklyn, New York, NY, USA	40.614077	-73.955193	success
1485 E 19 St, Brooklyn, New York, NY, USA	40.614077	-73.955193	success
1485 E 19 St, Brooklyn, New York, NY, USA	40.614077	-73.955193	success
1487 E 19 St, Brooklyn, New York, NY, USA	40.614022	-73.955184	success
1491 East 19th Street, Brooklyn, New York, NY, USA	40.613886	-73.955107	success
1491 East 19th Street, Brooklyn, New York, NY, USA	40.613886	-73.955107	success
1491 East 19th Street, Brooklyn, New York, NY, USA	40.613886	-73.955107	success
1491 East 19th Street, Brooklyn, New York, NY, USA	40.613886	-73.955107	success
1491 East 19th Street, Brooklyn, New York, NY, USA	40.613886	-73.955107	success
1491 East 19th Street, Brooklyn, New York, NY, USA	40.613886	-73.955107	success
1495 East 19th Street, Brooklyn, New York, NY, USA	40.613792	-73.955115	success
1495 East 19th Street, Brooklyn, New York, NY, USA	40.613792	-73.955115	success
1495 East 19th Street, Brooklyn, New York, NY, USA	40.613792	-73.955115	success
1501 E 19 St, Brooklyn, New York, NY, USA	40.613715	-73.955152	success
1501 E 19 St, Brooklyn, New York, NY, USA	40.613715	-73.955152	success
1501 E 19 St, Brooklyn, New York, NY, USA	40.613715	-73.955152	success
1501 E 19 St, Brooklyn, New York, NY, USA	40.613715	-73.955152	success
1505 E 19 St, Brooklyn, New York, NY, USA	40.613632	-73.955136	success
1505 E 19 St, Brooklyn, New York, NY, USA	40.613632	-73.955136	success
1534 East 21st Street, Brooklyn, New York, NY, USA	40.615652	-73.953639	success
1534 East 21st Street, Brooklyn, New York, NY, USA	40.615652	-73.953639	success
1534 East 21st Street, Brooklyn, New York, NY, USA	40.615652	-73.953639	success
1534 East 21st Street, Brooklyn, New York, NY, USA	40.615652	-73.953639	success
1539 East 21st Street, Brooklyn, New York, NY, USA	40.615573	-73.953238	success
1539 East 21st Street, Brooklyn, New York, NY, USA	40.615573	-73.953238	success
1539 East 21st Street, Brooklyn, New York, NY, USA	40.615573	-73.953238	success
1540 E 21 St, Brooklyn, New York, NY, USA	40.615535	-73.953596	success
1540 E 21 St, Brooklyn, New York, NY, USA	40.615535	-73.953596	success
1540 E 21 St, Brooklyn, New York, NY, USA	40.615535	-73.953596	success
1540 E 21 St, Brooklyn, New York, NY, USA	40.615535	-73.953596	success
1541 East 21st Street, Brooklyn, New York, NY, USA	40.615451	-73.953201	success
1541 East 21st Street, Brooklyn, New York, NY, USA	40.615451	-73.953201	success
1541 East 21st Street, Brooklyn, New York, NY, USA	40.615451	-73.953201	success
1541 East 21st Street, Brooklyn, New York, NY, USA	40.615451	-73.953201	success
1544 E 21 St, Brooklyn, New York, NY, USA	40.615466	-73.953584	success
1544 E 21 St, Brooklyn, New York, NY, USA	40.615466	-73.953584	success
1545 E 21 St, Brooklyn, New York, NY, USA	40.615343	-73.953226	success
1547 East 21st Street, Brooklyn, New York, NY, USA	40.61531	-73.95314	success
1548 E 21 St, Brooklyn, New York, NY, USA	40.615368	-73.953528	success
1548 E 21 St, Brooklyn, New York, NY, USA	40.615368	-73.953528	success
1548 E 21 St, Brooklyn, New York, NY, USA	40.615368	-73.953528	success
1548 E 21 St, Brooklyn, New York, NY, USA	40.615368	-73.953528	success
1550 E 21 St, Brooklyn, New York, NY, USA	40.61531	-73.953516	success
1550 E 21 St, Brooklyn, New York, NY, USA	40.61531	-73.953516	success
1554 East 21st Street, Brooklyn, New York, NY, USA	40.615193	-73.953622	success
1554 East 21st Street, Brooklyn, New York, NY, USA	40.615193	-73.953622	success
1556 E 21 St, Brooklyn, New York, NY, USA	40.615145	-73.953488	success
1556 E 21 St, Brooklyn, New York, NY, USA	40.615145	-73.953488	success
1556 E 21 St, Brooklyn, New York, NY, USA	40.615145	-73.953488	success
1556 E 21 St, Brooklyn, New York, NY, USA	40.615145	-73.953488	success
1557 E 21 St, Brooklyn, New York, NY, USA	40.615096	-73.953179	success
1557 E 21 St, Brooklyn, New York, NY, USA	40.615096	-73.953179	success
1557 E 21 St, Brooklyn, New York, NY, USA	40.615096	-73.953179	success
1559 E 21 St, Brooklyn, New York, NY, USA	40.615066	-73.953173	success
1559 E 21 St, Brooklyn, New York, NY, USA	40.615066	-73.953173	success
1564 E 21 St, Brooklyn, New York, NY, USA	40.615006	-73.953459	success
1564 E 21 St, Brooklyn, New York, NY, USA	40.615006	-73.953459	success
1564 E 21 St, Brooklyn, New York, NY, USA	40.615006	-73.953459	success
1565 E 21 St, Brooklyn, New York, NY, USA	40.614925	-73.953146	success
1565 E 21 St, Brooklyn, New York, NY, USA	40.614925	-73.953146	success
1566 East 21st Street, Brooklyn, New York, NY, USA	40.614917	-73.953528	success
1566 East 21st Street, Brooklyn, New York, NY, USA	40.614917	-73.953528	success
1566 East 21st Street, Brooklyn, New York, NY, USA	40.614917	-73.953528	success
1566 East 21st Street, Brooklyn, New York, NY, USA	40.614917	-73.953528	success
1568 E 21 St, Brooklyn, New York, NY, USA	40.614885	-73.953441	success
1568 E 21 St, Brooklyn, New York, NY, USA	40.614885	-73.953441	success
1568 E 21 St, Brooklyn, New York, NY, USA	40.614885	-73.953441	success
1570 East 21st Street, Brooklyn, New York, NY, USA	40.614807	-73.953505	success
1571 E 21 St, Brooklyn, New York, NY, USA	40.614791	-73.953118	success
1572 E 21 St, Brooklyn, New York, NY, USA	40.614777	-73.953418	success
1573 East 21st Street, Brooklyn, New York, NY, USA	40.61472	-73.953045	success
1573 East 21st Street, Brooklyn, New York, NY, USA	40.61472	-73.953045	success
1573 East 21st Street, Brooklyn, New York, NY, USA	40.61472	-73.953045	success
1574 E 21 St, Brooklyn, New York, NY, USA	40.614717	-73.953407	success
1574 E 21 St, Brooklyn, New York, NY, USA	40.614717	-73.953407	success
1574 E 21 St, Brooklyn, New York, NY, USA	40.614717	-73.953407	success
1574 E 21 St, Brooklyn, New York, NY, USA	40.614717	-73.953407	success
1575 East 21st Street, Brooklyn, New York, NY, USA	40.614644	-73.95304	success
1575 East 21st Street, Brooklyn, New York, NY, USA	40.614644	-73.95304	success
1575 East 21st Street, Brooklyn, New York, NY, USA	40.614644	-73.95304	success
1575 East 21st Street, Brooklyn, New York, NY, USA	40.614644	-73.95304	success
1576 E 21 St, Brooklyn, New York, NY, USA	40.614671	-73.953397	success
1576 E 21 St, Brooklyn, New York, NY, USA	40.614671	-73.953397	success
1577 East 21st Street, Brooklyn, New York, NY, USA	40.61461	-73.953002	success
1578 E 21 St, Brooklyn, New York, NY, USA	40.614607	-73.953383	success
1578 E 21 St, Brooklyn, New York, NY, USA	40.614607	-73.953383	success
1579 E 21 St, Brooklyn, New York, NY, USA	40.614536	-73.953071	success
1580 East 21st Street, Brooklyn, New York, NY, USA	40.614557	-73.953426	success
1580 East 21st Street, Brooklyn, New York, NY, USA	40.614557	-73.953426	success
1580 East 21st Street, Brooklyn, New York, NY, USA	40.614557	-73.953426	success
1581 E 21 St, Brooklyn, New York, NY, USA	40.614491	-73.953061	success
1581 E 21 St, Brooklyn, New York, NY, USA	40.614491	-73.953061	success
1581 E 21 St, Brooklyn, New York, NY, USA	40.614491	-73.953061	success
1582 E 21 St, Brooklyn, New York, NY, USA	40.614498	-73.953365	success
1582 E 21 St, Brooklyn, New York, NY, USA	40.614498	-73.953365	success
1582 E 21 St, Brooklyn, New York, NY, USA	40.614498	-73.953365	success
1583 East 21st Street, Brooklyn, New York, NY, USA	40.614426	-73.953001	success
1583 East 21st Street, Brooklyn, New York, NY, USA	40.614426	-73.953001	success
1585 E 21 St, Brooklyn, New York, NY, USA	40.614383	-73.953046	success
1585 E 21 St, Brooklyn, New York, NY, USA	40.614383	-73.953046	success
1587 E 21 St, Brooklyn, New York, NY, USA	40.614318	-73.953032	success
1587 E 21 St, Brooklyn, New York, NY, USA	40.614318	-73.953032	success
1588 East 21st Street, Brooklyn, New York, NY, USA	40.614322	-73.953385	success
1588 East 21st Street, Brooklyn, New York, NY, USA	40.614322	-73.953385	success
1588 East 21st Street, Brooklyn, New York, NY, USA	40.614322	-73.953385	success
1588 East 21st Street, Brooklyn, New York, NY, USA	40.614322	-73.953385	success
1588 East 21st Street, Brooklyn, New York, NY, USA	40.614322	-73.953385	success
1589 E 21 St, Brooklyn, New York, NY, USA	40.614273	-73.953023	success
1589 E 21 St, Brooklyn, New York, NY, USA	40.614273	-73.953023	success
1589 E 21 St, Brooklyn, New York, NY, USA	40.614273	-73.953023	success
1594 E 21 St, Brooklyn, New York, NY, USA	40.614252	-73.953316	success
1594 E 21 St, Brooklyn, New York, NY, USA	40.614252	-73.953316	success
1595 E 21 St, Brooklyn, New York, NY, USA	40.614209	-73.953007	success
1595 E 21 St, Brooklyn, New York, NY, USA	40.614209	-73.953007	success
1595 E 21 St, Brooklyn, New York, NY, USA	40.614209	-73.953007	success
1596 E 21 St, Brooklyn, New York, NY, USA	40.614197	-73.953305	success
1596 E 21 St, Brooklyn, New York, NY, USA	40.614197	-73.953305	success
1596 E 21 St, Brooklyn, New York, NY, USA	40.614197	-73.953305	success
1596 E 21 St, Brooklyn, New York, NY, USA	40.614197	-73.953305	success
1596 E 21 St, Brooklyn, New York, NY, USA	40.614197	-73.953305	success
1596 E 21 St, Brooklyn, New York, NY, USA	40.614197	-73.953305	success
1597 East 21st Street, Brooklyn, New York, NY, USA	40.614146	-73.952939	success
1597 East 21st Street, Brooklyn, New York, NY, USA	40.614146	-73.952939	success
1597 East 21st Street, Brooklyn, New York, NY, USA	40.614146	-73.952939	success
1597 East 21st Street, Brooklyn, New York, NY, USA	40.614146	-73.952939	success
1598 East 21st Street, Brooklyn, New York, NY, USA	40.614113	-73.953365	success
1598 East 21st Street, Brooklyn, New York, NY, USA	40.614113	-73.953365	success
1599 East 21st Street, Brooklyn, New York, NY, USA	40.614116	-73.952899	success
1599 East 21st Street, Brooklyn, New York, NY, USA	40.614116	-73.952899	success
1599 East 21st Street, Brooklyn, New York, NY, USA	40.614116	-73.952899	success
1599 East 21st Street, Brooklyn, New York, NY, USA	40.614116	-73.952899	success
1600 E 21 St, Brooklyn, New York, NY, USA	40.614085	-73.953271	success
1601 East 21st Street, Brooklyn, New York, NY, USA	40.61404	-73.952918	success
1601 East 21st Street, Brooklyn, New York, NY, USA	40.61404	-73.952918	success
1470 E 22 St, Brooklyn, New York, NY, USA	40.615918	-73.952693	success
1470 E 22 St, Brooklyn, New York, NY, USA	40.615918	-73.952693	success
1470 E 22 St, Brooklyn, New York, NY, USA	40.615918	-73.952693	success
1480 East 22nd Street, Brooklyn, New York, NY, USA	40.615665	-73.952647	success
1480 East 22nd Street, Brooklyn, New York, NY, USA	40.615665	-73.952647	success
1480 East 22nd Street, Brooklyn, New York, NY, USA	40.615665	-73.952647	success
1480 East 22nd Street, Brooklyn, New York, NY, USA	40.615665	-73.952647	success
1480 East 22nd Street, Brooklyn, New York, NY, USA	40.615665	-73.952647	success
1488 East 22nd Street, Brooklyn, New York, NY, USA	40.615553	-73.952678	success
1488 East 22nd Street, Brooklyn, New York, NY, USA	40.615553	-73.952678	success
1490 East 22nd Street, Brooklyn, New York, NY, USA	40.615429	-73.952626	success
1490 East 22nd Street, Brooklyn, New York, NY, USA	40.615429	-73.952626	success
1490 East 22nd Street, Brooklyn, New York, NY, USA	40.615429	-73.952626	success
1512 East 22nd Street, Brooklyn, New York, NY, USA	40.614904	-73.952568	success
1514 East 22nd Street, Brooklyn, New York, NY, USA	40.614869	-73.952555	success
1514 East 22nd Street, Brooklyn, New York, NY, USA	40.614869	-73.952555	success
1524 East 22nd Street, Brooklyn, New York, NY, USA	40.614713	-73.952534	success
1524 East 22nd Street, Brooklyn, New York, NY, USA	40.614713	-73.952534	success
1524 East 22nd Street, Brooklyn, New York, NY, USA	40.614713	-73.952534	success
1524 East 22nd Street, Brooklyn, New York, NY, USA	40.614713	-73.952534	success
1536 E 22 St, Brooklyn, New York, NY, USA	40.614314	-73.952413	success
1536 E 22 St, Brooklyn, New York, NY, USA	40.614314	-73.952413	success
1542 East 22nd Street, Brooklyn, New York, NY, USA	40.614219	-73.952461	success
1542 East 22nd Street, Brooklyn, New York, NY, USA	40.614219	-73.952461	success
1544 E 22 St, Brooklyn, New York, NY, USA	40.614186	-73.952343	success
1546 E 22 St, Brooklyn, New York, NY, USA	40.6141	-73.952328	success
1546 E 22 St, Brooklyn, New York, NY, USA	40.6141	-73.952328	success
1546 E 22 St, Brooklyn, New York, NY, USA	40.6141	-73.952328	success
1877 Ocean Avenue, Brooklyn, New York, NY, USA	40.615892	-73.954158	success
1877 Ocean Avenue, Brooklyn, New York, NY, USA	40.615892	-73.954158	success
1877 Ocean Avenue, Brooklyn, New York, NY, USA	40.615892	-73.954158	success
1877 Ocean Avenue, Brooklyn, New York, NY, USA	40.615892	-73.954158	success
1877 Ocean Avenue, Brooklyn, New York, NY, USA	40.615892	-73.954158	success
1877 Ocean Avenue, Brooklyn, New York, NY, USA	40.615892	-73.954158	success
1877 Ocean Avenue, Brooklyn, New York, NY, USA	40.615892	-73.954158	success
1877 Ocean Avenue, Brooklyn, New York, NY, USA	40.615892	-73.954158	success
1877 Ocean Avenue, Brooklyn, New York, NY, USA	40.615892	-73.954158	success
1877 Ocean Avenue, Brooklyn, New York, NY, USA	40.615892	-73.954158	success
1877 Ocean Avenue, Brooklyn, New York, NY, USA	40.615892	-73.954158	success
1877 Ocean Avenue, Brooklyn, New York, NY, USA	40.615892	-73.954158	success
1877 Ocean Avenue, Brooklyn, New York, NY, USA	40.615892	-73.954158	success
1877 Ocean Avenue, Brooklyn, New York, NY, USA	40.615892	-73.954158	success
1877 Ocean Avenue, Brooklyn, New York, NY, USA	40.615892	-73.954158	success
1877 Ocean Avenue, Brooklyn, New York, NY, USA	40.615892	-73.954158	success
1877 Ocean Avenue, Brooklyn, New York, NY, USA	40.615892	-73.954158	success
1877 Ocean Avenue, Brooklyn, New York, NY, USA	40.615892	-73.954158	success
1877 Ocean Avenue, Brooklyn, New York, NY, USA	40.615892	-73.954158	success
1877 Ocean Avenue, Brooklyn, New York, NY, USA	40.615892	-73.954158	success
1877 Ocean Avenue, Brooklyn, New York, NY, USA	40.615892	-73.954158	success
1877 Ocean Avenue, Brooklyn, New York, NY, USA	40.615892	-73.954158	success
1877 Ocean Avenue, Brooklyn, New York, NY, USA	40.615892	-73.954158	success
1877 Ocean Avenue, Brooklyn, New York, NY, USA	40.615892	-73.954158	success
1877 Ocean Avenue, Brooklyn, New York, NY, USA	40.615892	-73.954158	success
1877 Ocean Avenue, Brooklyn, New York, NY, USA	40.615892	-73.954158	success
1877 Ocean Avenue, Brooklyn, New York, NY, USA	40.615892	-73.954158	success
1877 Ocean Avenue, Brooklyn, New York, NY, USA	40.615892	-73.954158	success
1877 Ocean Avenue, Brooklyn, New York, NY, USA	40.615892	-73.954158	success
1877 Ocean Avenue, Brooklyn, New York, NY, USA	40.615892	-73.954158	success
1877 Ocean Avenue, Brooklyn, New York, NY, USA	40.615892	-73.954158	success
1877 Ocean Avenue, Brooklyn, New York, NY, USA	40.615892	-73.954158	success
1877 Ocean Avenue, Brooklyn, New York, NY, USA	40.615892	-73.954158	success
1877 Ocean Avenue, Brooklyn, New York, NY, USA	40.615892	-73.954158	success
1877 Ocean Avenue, Brooklyn, New York, NY, USA	40.615892	-73.954158	success
1877 Ocean Avenue, Brooklyn, New York, NY, USA	40.615892	-73.954158	success
1877 Ocean Avenue, Brooklyn, New York, NY, USA	40.615892	-73.954158	success
1877 Ocean Avenue, Brooklyn, New York, NY, USA	40.615892	-73.954158	success
1877 Ocean Avenue, Brooklyn, New York, NY, USA	40.615892	-73.954158	success
1877 Ocean Avenue, Brooklyn, New York, NY, USA	40.615892	-73.954158	success
1877 Ocean Avenue, Brooklyn, New York, NY, USA	40.615892	-73.954158	success
1877 Ocean Avenue, Brooklyn, New York, NY, USA	40.615892	-73.954158	success
1877 Ocean Avenue, Brooklyn, New York, NY, USA	40.615892	-73.954158	success
1877 Ocean Avenue, Brooklyn, New York, NY, USA	40.615892	-73.954158	success
1877 Ocean Avenue, Brooklyn, New York, NY, USA	40.615892	-73.954158	success
1877 Ocean Avenue, Brooklyn, New York, NY, USA	40.615892	-73.954158	success
1877 Ocean Avenue, Brooklyn, New York, NY, USA	40.615892	-73.954158	success
1877 Ocean Avenue, Brooklyn, New York, NY, USA	40.615892	-73.954158	success
1877 Ocean Avenue, Brooklyn, New York, NY, USA	40.615892	-73.954158	success
1877 Ocean Avenue, Brooklyn, New York, NY, USA	40.615892	-73.954158	success
1877 Ocean Avenue, Brooklyn, New York, NY, USA	40.615892	-73.954158	success
1877 Ocean Avenue, Brooklyn, New York, NY, USA	40.615892	-73.954158	success
1877 Ocean Avenue, Brooklyn, New York, NY, USA	40.615892	-73.954158	success
1877 Ocean Avenue, Brooklyn, New York, NY, USA	40.615892	-73.954158	success
1877 Ocean Avenue, Brooklyn, New York, NY, USA	40.615892	-73.954158	success
1877 Ocean Avenue, Brooklyn, New York, NY, USA	40.615892	-73.954158	success
1877 Ocean Avenue, Brooklyn, New York, NY, USA	40.615892	-73.954158	success
1877 Ocean Avenue, Brooklyn, New York, NY, USA	40.615892	-73.954158	success
1877 Ocean Avenue, Brooklyn, New York, NY, USA	40.615892	-73.954158	success
1877 Ocean Avenue, Brooklyn, New York, NY, USA	40.615892	-73.954158	success
1877 Ocean Avenue, Brooklyn, New York, NY, USA	40.615892	-73.954158	success
1877 Ocean Avenue, Brooklyn, New York, NY, USA	40.615892	-73.954158	success
1877 Ocean Avenue, Brooklyn, New York, NY, USA	40.615892	-73.954158	success
1877 Ocean Avenue, Brooklyn, New York, NY, USA	40.615892	-73.954158	success
1877 Ocean Avenue, Brooklyn, New York, NY, USA	40.615892	-73.954158	success
1877 Ocean Avenue, Brooklyn, New York, NY, USA	40.615892	-73.954158	success
1877 Ocean Avenue, Brooklyn, New York, NY, USA	40.615892	-73.954158	success
1877 Ocean Avenue, Brooklyn, New York, NY, USA	40.615892	-73.954158	success
1877 Ocean Avenue, Brooklyn, New York, NY, USA	40.615892	-73.954158	success
1877 Ocean Avenue, Brooklyn, New York, NY, USA	40.615892	-73.954158	success
1877 Ocean Avenue, Brooklyn, New York, NY, USA	40.615892	-73.954158	success
1877 Ocean Avenue, Brooklyn, New York, NY, USA	40.615892	-73.954158	success
1877 Ocean Avenue, Brooklyn, New York, NY, USA	40.615892	-73.954158	success
1877 Ocean Avenue, Brooklyn, New York, NY, USA	40.615892	-73.954158	success
1877 Ocean Avenue, Brooklyn, New York, NY, USA	40.615892	-73.954158	success
1890 Ocean Ave, Brooklyn, New York, NY, USA	40.615684	-73.954697	success
1890 Ocean Ave, Brooklyn, New York, NY, USA	40.615684	-73.954697	success
1890 Ocean Ave, Brooklyn, New York, NY, USA	40.615684	-73.954697	success
1890 Ocean Ave, Brooklyn, New York, NY, USA	40.615684	-73.954697	success
1890 Ocean Ave, Brooklyn, New York, NY, USA	40.615684	-73.954697	success
1890 Ocean Ave, Brooklyn, New York, NY, USA	40.615684	-73.954697	success
1890 Ocean Ave, Brooklyn, New York, NY, USA	40.615684	-73.954697	success
1890 Ocean Ave, Brooklyn, New York, NY, USA	40.615684	-73.954697	success
1890 Ocean Ave, Brooklyn, New York, NY, USA	40.615684	-73.954697	success
1890 Ocean Ave, Brooklyn, New York, NY, USA	40.615684	-73.954697	success
1890 Ocean Ave, Brooklyn, New York, NY, USA	40.615684	-73.954697	success
1893 Ocean Ave, Brooklyn, New York, NY, USA	40.615658	-73.954254	success
1893 Ocean Ave, Brooklyn, New York, NY, USA	40.615658	-73.954254	success
1893 Ocean Ave, Brooklyn, New York, NY, USA	40.615658	-73.954254	success
1893 Ocean Ave, Brooklyn, New York, NY, USA	40.615658	-73.954254	success
1893 Ocean Ave, Brooklyn, New York, NY, USA	40.615658	-73.954254	success
1893 Ocean Ave, Brooklyn, New York, NY, USA	40.615658	-73.954254	success
Ocean Avenue, Brooklyn, New York, NY, USA	40.65285	-73.984876	doubt
1901 Ocean Avenue, Brooklyn, New York, NY, USA	40.615549	-73.954152	success
1901 Ocean Avenue, Brooklyn, New York, NY, USA	40.615549	-73.954152	success
1901 Ocean Avenue, Brooklyn, New York, NY, USA	40.615549	-73.954152	success
1902 Ocean Ave, Brooklyn, New York, NY, USA	40.61546	-73.9547	success
1902 Ocean Ave, Brooklyn, New York, NY, USA	40.61546	-73.9547	success
1902 Ocean Ave, Brooklyn, New York, NY, USA	40.61546	-73.9547	success
1902 Ocean Ave, Brooklyn, New York, NY, USA	40.61546	-73.9547	success
1903 Ocean Avenue, Brooklyn, New York, NY, USA	40.61536	-73.954065	success
1903 Ocean Avenue, Brooklyn, New York, NY, USA	40.61536	-73.954065	success
1903 Ocean Avenue, Brooklyn, New York, NY, USA	40.61536	-73.954065	success
1903 Ocean Avenue, Brooklyn, New York, NY, USA	40.61536	-73.954065	success
1903 Ocean Avenue, Brooklyn, New York, NY, USA	40.61536	-73.954065	success
1903 Ocean Avenue, Brooklyn, New York, NY, USA	40.61536	-73.954065	success
1903 Ocean Avenue, Brooklyn, New York, NY, USA	40.61536	-73.954065	success
1903 Ocean Avenue, Brooklyn, New York, NY, USA	40.61536	-73.954065	success
1903 Ocean Avenue, Brooklyn, New York, NY, USA	40.61536	-73.954065	success
1903 Ocean Avenue, Brooklyn, New York, NY, USA	40.61536	-73.954065	success
1903 Ocean Avenue, Brooklyn, New York, NY, USA	40.61536	-73.954065	success
1903 Ocean Avenue, Brooklyn, New York, NY, USA	40.61536	-73.954065	success
1903 Ocean Avenue, Brooklyn, New York, NY, USA	40.61536	-73.954065	success
1903 Ocean Avenue, Brooklyn, New York, NY, USA	40.61536	-73.954065	success
1903 Ocean Avenue, Brooklyn, New York, NY, USA	40.61536	-73.954065	success
1903 Ocean Avenue, Brooklyn, New York, NY, USA	40.61536	-73.954065	success
1903 Ocean Avenue, Brooklyn, New York, NY, USA	40.61536	-73.954065	success
1903 Ocean Avenue, Brooklyn, New York, NY, USA	40.61536	-73.954065	success
1903 Ocean Avenue, Brooklyn, New York, NY, USA	40.61536	-73.954065	success
1903 Ocean Avenue, Brooklyn, New York, NY, USA	40.61536	-73.954065	success
1903 Ocean Avenue, Brooklyn, New York, NY, USA	40.61536	-73.954065	success
1903 Ocean Avenue, Brooklyn, New York, NY, USA	40.61536	-73.954065	success
1903 Ocean Avenue, Brooklyn, New York, NY, USA	40.61536	-73.954065	success
1903 Ocean Avenue, Brooklyn, New York, NY, USA	40.61536	-73.954065	success
1903 Ocean Avenue, Brooklyn, New York, NY, USA	40.61536	-73.954065	success
1903 Ocean Avenue, Brooklyn, New York, NY, USA	40.61536	-73.954065	success
1903 Ocean Avenue, Brooklyn, New York, NY, USA	40.61536	-73.954065	success
1903 Ocean Avenue, Brooklyn, New York, NY, USA	40.61536	-73.954065	success
1903 Ocean Avenue, Brooklyn, New York, NY, USA	40.61536	-73.954065	success
1903 Ocean Avenue, Brooklyn, New York, NY, USA	40.61536	-73.954065	success
1903 Ocean Avenue, Brooklyn, New York, NY, USA	40.61536	-73.954065	success
1903 Ocean Avenue, Brooklyn, New York, NY, USA	40.61536	-73.954065	success
1903 Ocean Avenue, Brooklyn, New York, NY, USA	40.61536	-73.954065	success
1903 Ocean Avenue, Brooklyn, New York, NY, USA	40.61536	-73.954065	success
1903 Ocean Avenue, Brooklyn, New York, NY, USA	40.61536	-73.954065	success
1903 Ocean Avenue, Brooklyn, New York, NY, USA	40.61536	-73.954065	success
1903 Ocean Avenue, Brooklyn, New York, NY, USA	40.61536	-73.954065	success
1921 Ocean Avenue, Brooklyn, New York, NY, USA	40.615061	-73.954059	success
1921 Ocean Avenue, Brooklyn, New York, NY, USA	40.615061	-73.954059	success
1921 Ocean Avenue, Brooklyn, New York, NY, USA	40.615061	-73.954059	success
1921 Ocean Avenue, Brooklyn, New York, NY, USA	40.615061	-73.954059	success
1921 Ocean Avenue, Brooklyn, New York, NY, USA	40.615061	-73.954059	success
1921 Ocean Avenue, Brooklyn, New York, NY, USA	40.615061	-73.954059	success
1921 Ocean Avenue, Brooklyn, New York, NY, USA	40.615061	-73.954059	success
1921 Ocean Avenue, Brooklyn, New York, NY, USA	40.615061	-73.954059	success
1921 Ocean Avenue, Brooklyn, New York, NY, USA	40.615061	-73.954059	success
1923 Ocean Ave, Brooklyn, New York, NY, USA	40.614985	-73.954081	success
1924 Ocean Avenue, Brooklyn, New York, NY, USA	40.614934	-73.954741	success
1924 Ocean Avenue, Brooklyn, New York, NY, USA	40.614934	-73.954741	success
1924 Ocean Avenue, Brooklyn, New York, NY, USA	40.614934	-73.954741	success
1925 Ocean Avenue, Brooklyn, New York, NY, USA	40.614833	-73.953947	success
1925 Ocean Avenue, Brooklyn, New York, NY, USA	40.614833	-73.953947	success
1925 Ocean Avenue, Brooklyn, New York, NY, USA	40.614833	-73.953947	success
1925 Ocean Avenue, Brooklyn, New York, NY, USA	40.614833	-73.953947	success
1925 Ocean Avenue, Brooklyn, New York, NY, USA	40.614833	-73.953947	success
1925 Ocean Avenue, Brooklyn, New York, NY, USA	40.614833	-73.953947	success
1925 Ocean Avenue, Brooklyn, New York, NY, USA	40.614833	-73.953947	success
1925 Ocean Avenue, Brooklyn, New York, NY, USA	40.614833	-73.953947	success
1925 Ocean Avenue, Brooklyn, New York, NY, USA	40.614833	-73.953947	success
1925 Ocean Avenue, Brooklyn, New York, NY, USA	40.614833	-73.953947	success
1925 Ocean Avenue, Brooklyn, New York, NY, USA	40.614833	-73.953947	success
1925 Ocean Avenue, Brooklyn, New York, NY, USA	40.614833	-73.953947	success
1925 Ocean Avenue, Brooklyn, New York, NY, USA	40.614833	-73.953947	success
1925 Ocean Avenue, Brooklyn, New York, NY, USA	40.614833	-73.953947	success
1925 Ocean Avenue, Brooklyn, New York, NY, USA	40.614833	-73.953947	success
1925 Ocean Avenue, Brooklyn, New York, NY, USA	40.614833	-73.953947	success
1925 Ocean Avenue, Brooklyn, New York, NY, USA	40.614833	-73.953947	success
1925 Ocean Avenue, Brooklyn, New York, NY, USA	40.614833	-73.953947	success
1925 Ocean Avenue, Brooklyn, New York, NY, USA	40.614833	-73.953947	success
1925 Ocean Avenue, Brooklyn, New York, NY, USA	40.614833	-73.953947	success
1925 Ocean Avenue, Brooklyn, New York, NY, USA	40.614833	-73.953947	success
1925 Ocean Avenue, Brooklyn, New York, NY, USA	40.614833	-73.953947	success
1925 Ocean Avenue, Brooklyn, New York, NY, USA	40.614833	-73.953947	success
1925 Ocean Avenue, Brooklyn, New York, NY, USA	40.614833	-73.953947	success
1925 Ocean Avenue, Brooklyn, New York, NY, USA	40.614833	-73.953947	success
1925 Ocean Avenue, Brooklyn, New York, NY, USA	40.614833	-73.953947	success
1925 Ocean Avenue, Brooklyn, New York, NY, USA	40.614833	-73.953947	success
1925 Ocean Avenue, Brooklyn, New York, NY, USA	40.614833	-73.953947	success
1925 Ocean Avenue, Brooklyn, New York, NY, USA	40.614833	-73.953947	success
1925 Ocean Avenue, Brooklyn, New York, NY, USA	40.614833	-73.953947	success
1925 Ocean Avenue, Brooklyn, New York, NY, USA	40.614833	-73.953947	success
1925 Ocean Avenue, Brooklyn, New York, NY, USA	40.614833	-73.953947	success
1925 Ocean Avenue, Brooklyn, New York, NY, USA	40.614833	-73.953947	success
1925 Ocean Avenue, Brooklyn, New York, NY, USA	40.614833	-73.953947	success
1925 Ocean Avenue, Brooklyn, New York, NY, USA	40.614833	-73.953947	success
1925 Ocean Avenue, Brooklyn, New York, NY, USA	40.614833	-73.953947	success
1925 Ocean Avenue, Brooklyn, New York, NY, USA	40.614833	-73.953947	success
1925 Ocean Avenue, Brooklyn, New York, NY, USA	40.614833	-73.953947	success
1925 Ocean Avenue, Brooklyn, New York, NY, USA	40.614833	-73.953947	success
1925 Ocean Avenue, Brooklyn, New York, NY, USA	40.614833	-73.953947	success
1925 Ocean Avenue, Brooklyn, New York, NY, USA	40.614833	-73.953947	success
1925 Ocean Avenue, Brooklyn, New York, NY, USA	40.614833	-73.953947	success
1925 Ocean Avenue, Brooklyn, New York, NY, USA	40.614833	-73.953947	success
1925 Ocean Avenue, Brooklyn, New York, NY, USA	40.614833	-73.953947	success
1925 Ocean Avenue, Brooklyn, New York, NY, USA	40.614833	-73.953947	success
1925 Ocean Avenue, Brooklyn, New York, NY, USA	40.614833	-73.953947	success
1925 Ocean Avenue, Brooklyn, New York, NY, USA	40.614833	-73.953947	success
Ocean Avenue, Brooklyn, New York, NY, USA	40.65285	-73.984876	doubt
Ocean Avenue, Brooklyn, New York, NY, USA	40.65285	-73.984876	doubt
Ocean Avenue, Brooklyn, New York, NY, USA	40.65285	-73.984876	doubt
Ocean Avenue, Brooklyn, New York, NY, USA	40.65285	-73.984876	doubt
Ocean Avenue, Brooklyn, New York, NY, USA	40.65285	-73.984876	doubt
Ocean Avenue, Brooklyn, New York, NY, USA	40.65285	-73.984876	doubt
Ocean Avenue, Brooklyn, New York, NY, USA	40.65285	-73.984876	doubt
Ocean Avenue, Brooklyn, New York, NY, USA	40.65285	-73.984876	doubt
Ocean Avenue, Brooklyn, New York, NY, USA	40.65285	-73.984876	doubt
Ocean Avenue, Brooklyn, New York, NY, USA	40.65285	-73.984876	doubt
Ocean Avenue, Brooklyn, New York, NY, USA	40.65285	-73.984876	doubt
Ocean Avenue, Brooklyn, New York, NY, USA	40.65285	-73.984876	doubt
Ocean Avenue, Brooklyn, New York, NY, USA	40.65285	-73.984876	doubt
Ocean Avenue, Brooklyn, New York, NY, USA	40.65285	-73.984876	doubt
Ocean Avenue, Brooklyn, New York, NY, USA	40.65285	-73.984876	doubt
Ocean Avenue, Brooklyn, New York, NY, USA	40.65285	-73.984876	doubt
Ocean Avenue, Brooklyn, New York, NY, USA	40.65285	-73.984876	doubt
Ocean Avenue, Brooklyn, New York, NY, USA	40.65285	-73.984876	doubt
Ocean Avenue, Brooklyn, New York, NY, USA	40.65285	-73.984876	doubt
Ocean Avenue, Brooklyn, New York, NY, USA	40.65285	-73.984876	doubt
Ocean Avenue, Brooklyn, New York, NY, USA	40.65285	-73.984876	doubt
Ocean Avenue, Brooklyn, New York, NY, USA	40.65285	-73.984876	doubt
Ocean Avenue, Brooklyn, New York, NY, USA	40.65285	-73.984876	doubt
Ocean Avenue, Brooklyn, New York, NY, USA	40.65285	-73.984876	doubt
Ocean Avenue, Brooklyn, New York, NY, USA	40.65285	-73.984876	doubt
Ocean Avenue, Brooklyn, New York, NY, USA	40.65285	-73.984876	doubt
Ocean Avenue, Brooklyn, New York, NY, USA	40.65285	-73.984876	doubt
Ocean Avenue, Brooklyn, New York, NY, USA	40.65285	-73.984876	doubt
Ocean Avenue, Brooklyn, New York, NY, USA	40.65285	-73.984876	doubt
Ocean Avenue, Brooklyn, New York, NY, USA	40.65285	-73.984876	doubt
Ocean Avenue, Brooklyn, New York, NY, USA	40.65285	-73.984876	doubt
Ocean Avenue, Brooklyn, New York, NY, USA	40.65285	-73.984876	doubt
Ocean Avenue, Brooklyn, New York, NY, USA	40.65285	-73.984876	doubt
1941 Ocean Avenue, Brooklyn, New York, NY, USA	40.614617	-73.953929	success
1941 Ocean Avenue, Brooklyn, New York, NY, USA	40.614617	-73.953929	success
1941 Ocean Avenue, Brooklyn, New York, NY, USA	40.614617	-73.953929	success
1941 Ocean Avenue, Brooklyn, New York, NY, USA	40.614617	-73.953929	success
1941 Ocean Avenue, Brooklyn, New York, NY, USA	40.614617	-73.953929	success
1942 Ocean Ave, Brooklyn, New York, NY, USA	40.614569	-73.954529	success
1942 Ocean Ave, Brooklyn, New York, NY, USA	40.614569	-73.954529	success
1945 Ocean Avenue, Brooklyn, New York, NY, USA	40.614552	-73.953938	success
1945 Ocean Avenue, Brooklyn, New York, NY, USA	40.614552	-73.953938	success
1945 Ocean Avenue, Brooklyn, New York, NY, USA	40.614552	-73.953938	success
1945 Ocean Avenue, Brooklyn, New York, NY, USA	40.614552	-73.953938	success
1947 Ocean Avenue, Brooklyn, New York, NY, USA	40.614299	-73.953898	success
1947 Ocean Avenue, Brooklyn, New York, NY, USA	40.614299	-73.953898	success
1947 Ocean Avenue, Brooklyn, New York, NY, USA	40.614299	-73.953898	success
1947 Ocean Avenue, Brooklyn, New York, NY, USA	40.614299	-73.953898	success
1947 Ocean Avenue, Brooklyn, New York, NY, USA	40.614299	-73.953898	success
1947 Ocean Avenue, Brooklyn, New York, NY, USA	40.614299	-73.953898	success
1947 Ocean Avenue, Brooklyn, New York, NY, USA	40.614299	-73.953898	success
1947 Ocean Avenue, Brooklyn, New York, NY, USA	40.614299	-73.953898	success
1947 Ocean Avenue, Brooklyn, New York, NY, USA	40.614299	-73.953898	success
1947 Ocean Avenue, Brooklyn, New York, NY, USA	40.614299	-73.953898	success
1947 Ocean Avenue, Brooklyn, New York, NY, USA	40.614299	-73.953898	success
1947 Ocean Avenue, Brooklyn, New York, NY, USA	40.614299	-73.953898	success
1947 Ocean Avenue, Brooklyn, New York, NY, USA	40.614299	-73.953898	success
1947 Ocean Avenue, Brooklyn, New York, NY, USA	40.614299	-73.953898	success
1947 Ocean Avenue, Brooklyn, New York, NY, USA	40.614299	-73.953898	success
1947 Ocean Avenue, Brooklyn, New York, NY, USA	40.614299	-73.953898	success
1947 Ocean Avenue, Brooklyn, New York, NY, USA	40.614299	-73.953898	success
1947 Ocean Avenue, Brooklyn, New York, NY, USA	40.614299	-73.953898	success
1947 Ocean Avenue, Brooklyn, New York, NY, USA	40.614299	-73.953898	success
1947 Ocean Avenue, Brooklyn, New York, NY, USA	40.614299	-73.953898	success
1947 Ocean Avenue, Brooklyn, New York, NY, USA	40.614299	-73.953898	success
1947 Ocean Avenue, Brooklyn, New York, NY, USA	40.614299	-73.953898	success
1947 Ocean Avenue, Brooklyn, New York, NY, USA	40.614299	-73.953898	success
1947 Ocean Avenue, Brooklyn, New York, NY, USA	40.614299	-73.953898	success
1947 Ocean Avenue, Brooklyn, New York, NY, USA	40.614299	-73.953898	success
1947 Ocean Avenue, Brooklyn, New York, NY, USA	40.614299	-73.953898	success
1947 Ocean Avenue, Brooklyn, New York, NY, USA	40.614299	-73.953898	success
1947 Ocean Avenue, Brooklyn, New York, NY, USA	40.614299	-73.953898	success
1947 Ocean Avenue, Brooklyn, New York, NY, USA	40.614299	-73.953898	success
1947 Ocean Avenue, Brooklyn, New York, NY, USA	40.614299	-73.953898	success
1947 Ocean Avenue, Brooklyn, New York, NY, USA	40.614299	-73.953898	success
1947 Ocean Avenue, Brooklyn, New York, NY, USA	40.614299	-73.953898	success
1947 Ocean Avenue, Brooklyn, New York, NY, USA	40.614299	-73.953898	success
1947 Ocean Avenue, Brooklyn, New York, NY, USA	40.614299	-73.953898	success
1947 Ocean Avenue, Brooklyn, New York, NY, USA	40.614299	-73.953898	success
1947 Ocean Avenue, Brooklyn, New York, NY, USA	40.614299	-73.953898	success
1947 Ocean Avenue, Brooklyn, New York, NY, USA	40.614299	-73.953898	success
1947 Ocean Avenue, Brooklyn, New York, NY, USA	40.614299	-73.953898	success
1947 Ocean Avenue, Brooklyn, New York, NY, USA	40.614299	-73.953898	success
1947 Ocean Avenue, Brooklyn, New York, NY, USA	40.614299	-73.953898	success
1947 Ocean Avenue, Brooklyn, New York, NY, USA	40.614299	-73.953898	success
1947 Ocean Avenue, Brooklyn, New York, NY, USA	40.614299	-73.953898	success
1947 Ocean Avenue, Brooklyn, New York, NY, USA	40.614299	-73.953898	success
1947 Ocean Avenue, Brooklyn, New York, NY, USA	40.614299	-73.953898	success
1947 Ocean Avenue, Brooklyn, New York, NY, USA	40.614299	-73.953898	success
1947 Ocean Avenue, Brooklyn, New York, NY, USA	40.614299	-73.953898	success
1947 Ocean Avenue, Brooklyn, New York, NY, USA	40.614299	-73.953898	success
1947 Ocean Avenue, Brooklyn, New York, NY, USA	40.614299	-73.953898	success
1947 Ocean Avenue, Brooklyn, New York, NY, USA	40.614299	-73.953898	success
1947 Ocean Avenue, Brooklyn, New York, NY, USA	40.614299	-73.953898	success
1947 Ocean Avenue, Brooklyn, New York, NY, USA	40.614299	-73.953898	success
1947 Ocean Avenue, Brooklyn, New York, NY, USA	40.614299	-73.953898	success
1947 Ocean Avenue, Brooklyn, New York, NY, USA	40.614299	-73.953898	success
1950 Ocean Ave, Brooklyn, New York, NY, USA	40.614354	-73.954492	success
1950 Ocean Ave, Brooklyn, New York, NY, USA	40.614354	-73.954492	success
1962 Ocean Ave, Brooklyn, New York, NY, USA	40.614104	-73.954452	success
1962 Ocean Ave, Brooklyn, New York, NY, USA	40.614104	-73.954452	success
1962 Ocean Ave, Brooklyn, New York, NY, USA	40.614104	-73.954452	success
1962 Ocean Ave, Brooklyn, New York, NY, USA	40.614104	-73.954452	success
1962 Ocean Ave, Brooklyn, New York, NY, USA	40.614104	-73.954452	success
1967 Ocean Ave, Brooklyn, New York, NY, USA	40.613858	-73.953943	success
1967 Ocean Ave, Brooklyn, New York, NY, USA	40.613858	-73.953943	success
1967 Ocean Ave, Brooklyn, New York, NY, USA	40.613858	-73.953943	success
1967 Ocean Ave, Brooklyn, New York, NY, USA	40.613858	-73.953943	success
1967 Ocean Ave, Brooklyn, New York, NY, USA	40.613858	-73.953943	success
1967 Ocean Ave, Brooklyn, New York, NY, USA	40.613858	-73.953943	success
1967 Ocean Ave, Brooklyn, New York, NY, USA	40.613858	-73.953943	success
1967 Ocean Ave, Brooklyn, New York, NY, USA	40.613858	-73.953943	success
1967 Ocean Ave, Brooklyn, New York, NY, USA	40.613858	-73.953943	success
1967 Ocean Ave, Brooklyn, New York, NY, USA	40.613858	-73.953943	success
1967 Ocean Ave, Brooklyn, New York, NY, USA	40.613858	-73.953943	success
1967 Ocean Ave, Brooklyn, New York, NY, USA	40.613858	-73.953943	success
1967 Ocean Ave, Brooklyn, New York, NY, USA	40.613858	-73.953943	success
1967 Ocean Ave, Brooklyn, New York, NY, USA	40.613858	-73.953943	success
1967 Ocean Ave, Brooklyn, New York, NY, USA	40.613858	-73.953943	success
1967 Ocean Ave, Brooklyn, New York, NY, USA	40.613858	-73.953943	success
1967 Ocean Ave, Brooklyn, New York, NY, USA	40.613858	-73.953943	success
1967 Ocean Ave, Brooklyn, New York, NY, USA	40.613858	-73.953943	success
1967 Ocean Ave, Brooklyn, New York, NY, USA	40.613858	-73.953943	success
1967 Ocean Ave, Brooklyn, New York, NY, USA	40.613858	-73.953943	success
1967 Ocean Ave, Brooklyn, New York, NY, USA	40.613858	-73.953943	success
1967 Ocean Ave, Brooklyn, New York, NY, USA	40.613858	-73.953943	success
1967 Ocean Ave, Brooklyn, New York, NY, USA	40.613858	-73.953943	success
1967 Ocean Ave, Brooklyn, New York, NY, USA	40.613858	-73.953943	success
1972A Ocean Avenue, Brooklyn, New York, NY, USA	40.61385	-73.954407	success
1972A Ocean Avenue, Brooklyn, New York, NY, USA	40.61385	-73.954407	success
1972A Ocean Avenue, Brooklyn, New York, NY, USA	40.61385	-73.954407	success
1972A Ocean Avenue, Brooklyn, New York, NY, USA	40.61385	-73.954407	success
1976A Ocean Avenue, Brooklyn, New York, NY, USA	40.613771	-73.954386	success
1976A Ocean Avenue, Brooklyn, New York, NY, USA	40.613771	-73.954386	success
1976A Ocean Avenue, Brooklyn, New York, NY, USA	40.613771	-73.954386	success
1976A Ocean Avenue, Brooklyn, New York, NY, USA	40.613771	-73.954386	success
1976A Ocean Avenue, Brooklyn, New York, NY, USA	40.613771	-73.954386	success
1976A Ocean Avenue, Brooklyn, New York, NY, USA	40.613771	-73.954386	success
1976A Ocean Avenue, Brooklyn, New York, NY, USA	40.613771	-73.954386	success
2218 Avenue N, Brooklyn, New York, NY, USA	40.616207	-73.951888	success
2302 Avenue N, Brooklyn, New York, NY, USA	40.616342	-73.951388	success
2302 Avenue N, Brooklyn, New York, NY, USA	40.616342	-73.951388	success
2302 Avenue N, Brooklyn, New York, NY, USA	40.616342	-73.951388	success
2302 Avenue N, Brooklyn, New York, NY, USA	40.616342	-73.951388	success
2322 Avenue N, Brooklyn, New York, NY, USA	40.616324	-73.951097	success
2402 Avenue N, Brooklyn, New York, NY, USA	40.616446	-73.950427	success
2518 Avenue N, Brooklyn, New York, NY, USA	40.61654	-73.949141	success
2520 Avenue N, Brooklyn, New York, NY, USA	40.616541	-73.949052	success
2524 Avenue N, Brooklyn, New York, NY, USA	40.616635	-73.948963	success
2524 Avenue N, Brooklyn, New York, NY, USA	40.616635	-73.948963	success
2524 Avenue N, Brooklyn, New York, NY, USA	40.616635	-73.948963	success
2606 Avenue N, Brooklyn, New York, NY, USA	40.616625	-73.948533	success
2606 Avenue N, Brooklyn, New York, NY, USA	40.616625	-73.948533	success
2606 Avenue N, Brooklyn, New York, NY, USA	40.616625	-73.948533	success
2606 Avenue N, Brooklyn, New York, NY, USA	40.616625	-73.948533	success
2610 Avenue N, Brooklyn, New York, NY, USA	40.616636	-73.948438	success
2610 Avenue N, Brooklyn, New York, NY, USA	40.616636	-73.948438	success
2614 Avenue N, Brooklyn, New York, NY, USA	40.616647	-73.948341	success
2614 Avenue N, Brooklyn, New York, NY, USA	40.616647	-73.948341	success
2616 Avenue N, Brooklyn, New York, NY, USA	40.616657	-73.948247	success
2616 Avenue N, Brooklyn, New York, NY, USA	40.616657	-73.948247	success
2616 Avenue N, Brooklyn, New York, NY, USA	40.616657	-73.948247	success
2616 Avenue N, Brooklyn, New York, NY, USA	40.616657	-73.948247	success
2616 Avenue N, Brooklyn, New York, NY, USA	40.616657	-73.948247	success
2624 Avenue N, Brooklyn, New York, NY, USA	40.616688	-73.948047	success
2624 Avenue N, Brooklyn, New York, NY, USA	40.616688	-73.948047	success
2215 Avenue O, Brooklyn, New York, NY, USA	40.613944	-73.951651	success
2215 Avenue O, Brooklyn, New York, NY, USA	40.613944	-73.951651	success
2215 Avenue O, Brooklyn, New York, NY, USA	40.613944	-73.951651	success
2215 Avenue O, Brooklyn, New York, NY, USA	40.613944	-73.951651	success
2217 Avenue O, Brooklyn, New York, NY, USA	40.613975	-73.951603	success
2217 Avenue O, Brooklyn, New York, NY, USA	40.613975	-73.951603	success
2217 Avenue O, Brooklyn, New York, NY, USA	40.613975	-73.951603	success
2219 Avenue O, Brooklyn, New York, NY, USA	40.61396	-73.95151	success
2223 Avenue O, Brooklyn, New York, NY, USA	40.613965	-73.951372	success
2301 Avenue O, Brooklyn, New York, NY, USA	40.61401	-73.951097	success
2301 Avenue O, Brooklyn, New York, NY, USA	40.61401	-73.951097	success
2301 Avenue O, Brooklyn, New York, NY, USA	40.61401	-73.951097	success
2303 Avenue O, Brooklyn, New York, NY, USA	40.614016	-73.951014	success
2307 Avenue O, Brooklyn, New York, NY, USA	40.614024	-73.950944	success
2307 Avenue O, Brooklyn, New York, NY, USA	40.614024	-73.950944	success
2309 Avenue O, Brooklyn, New York, NY, USA	40.614031	-73.950874	success
2311 Avenue O, Brooklyn, New York, NY, USA	40.614057	-73.950809	success
2401 Avenue O, Brooklyn, New York, NY, USA	40.614099	-73.950021	success
2404 Avenue O, Brooklyn, New York, NY, USA	40.613743	-73.950052	success
2404 Avenue O, Brooklyn, New York, NY, USA	40.613743	-73.950052	success
2517 Avenue O, Brooklyn, New York, NY, USA	40.614312	-73.94873	success
2607 Avenue O, Brooklyn, New York, NY, USA	40.614358	-73.948058	success
2607 Avenue O, Brooklyn, New York, NY, USA	40.614358	-73.948058	success
2607 Avenue O, Brooklyn, New York, NY, USA	40.614358	-73.948058	success
2607 Avenue O, Brooklyn, New York, NY, USA	40.614358	-73.948058	success
2607 Avenue O, Brooklyn, New York, NY, USA	40.614358	-73.948058	success
2607 Avenue O, Brooklyn, New York, NY, USA	40.614358	-73.948058	success
2607 Avenue O, Brooklyn, New York, NY, USA	40.614358	-73.948058	success
2607 Avenue O, Brooklyn, New York, NY, USA	40.614358	-73.948058	success
2607 Avenue O, Brooklyn, New York, NY, USA	40.614358	-73.948058	success
2607 Avenue O, Brooklyn, New York, NY, USA	40.614358	-73.948058	success
2607 Avenue O, Brooklyn, New York, NY, USA	40.614358	-73.948058	success
2607 Avenue O, Brooklyn, New York, NY, USA	40.614358	-73.948058	success
2607 Avenue O, Brooklyn, New York, NY, USA	40.614358	-73.948058	success
2607 Avenue O, Brooklyn, New York, NY, USA	40.614358	-73.948058	success
2607 Avenue O, Brooklyn, New York, NY, USA	40.614358	-73.948058	success
2607 Avenue O, Brooklyn, New York, NY, USA	40.614358	-73.948058	success
2607 Avenue O, Brooklyn, New York, NY, USA	40.614358	-73.948058	success
2607 Avenue O, Brooklyn, New York, NY, USA	40.614358	-73.948058	success
2607 Avenue O, Brooklyn, New York, NY, USA	40.614358	-73.948058	success
2607 Avenue O, Brooklyn, New York, NY, USA	40.614358	-73.948058	success
2607 Avenue O, Brooklyn, New York, NY, USA	40.614358	-73.948058	success
2607 Avenue O, Brooklyn, New York, NY, USA	40.614358	-73.948058	success
2607 Avenue O, Brooklyn, New York, NY, USA	40.614358	-73.948058	success
2607 Avenue O, Brooklyn, New York, NY, USA	40.614358	-73.948058	success
2615 Avenue O, Brooklyn, New York, NY, USA	40.614391	-73.947772	success
2615 Avenue O, Brooklyn, New York, NY, USA	40.614391	-73.947772	success
2615 Avenue O, Brooklyn, New York, NY, USA	40.614391	-73.947772	success
2615 Avenue O, Brooklyn, New York, NY, USA	40.614391	-73.947772	success
2615 Avenue O, Brooklyn, New York, NY, USA	40.614391	-73.947772	success
2615 Avenue O, Brooklyn, New York, NY, USA	40.614391	-73.947772	success
2615 Avenue O, Brooklyn, New York, NY, USA	40.614391	-73.947772	success
2615 Avenue O, Brooklyn, New York, NY, USA	40.614391	-73.947772	success
2615 Avenue O, Brooklyn, New York, NY, USA	40.614391	-73.947772	success
2615 Avenue O, Brooklyn, New York, NY, USA	40.614391	-73.947772	success
2615 Avenue O, Brooklyn, New York, NY, USA	40.614391	-73.947772	success
2615 Avenue O, Brooklyn, New York, NY, USA	40.614391	-73.947772	success
2615 Avenue O, Brooklyn, New York, NY, USA	40.614391	-73.947772	success
2615 Avenue O, Brooklyn, New York, NY, USA	40.614391	-73.947772	success
2615 Avenue O, Brooklyn, New York, NY, USA	40.614391	-73.947772	success
2615 Avenue O, Brooklyn, New York, NY, USA	40.614391	-73.947772	success
2615 Avenue O, Brooklyn, New York, NY, USA	40.614391	-73.947772	success
2615 Avenue O, Brooklyn, New York, NY, USA	40.614391	-73.947772	success
2615 Avenue O, Brooklyn, New York, NY, USA	40.614391	-73.947772	success
2615 Avenue O, Brooklyn, New York, NY, USA	40.614391	-73.947772	success
2615 Avenue O, Brooklyn, New York, NY, USA	40.614391	-73.947772	success
2615 Avenue O, Brooklyn, New York, NY, USA	40.614391	-73.947772	success
2615 Avenue O, Brooklyn, New York, NY, USA	40.614391	-73.947772	success